Company Name,Other income,Profit after tax,Total capital,Reserves and funds,Deposits (accepted by commercial banks),Current liabilities & provisions,Income from financial services,Other income.1,Profit after tax.1,Total capital.1,Reserves and funds.1,Deposits (accepted by commercial banks).1,Current liabilities & provisions.1,Income from financial services.1,Other income.2,Profit after tax.2,Total capital.2,Reserves and funds.2,Deposits (accepted by commercial banks).2,Current liabilities & provisions.2,Income from financial services.2,Other income.3,Profit after tax.3,Total capital.3,Reserves and funds.3,Deposits (accepted by commercial banks).3,Current liabilities & provisions.3,Income from financial services.3,Other income.4,Profit after tax.4,Total capital.4,Reserves and funds.4,Deposits (accepted by commercial banks).4,Current liabilities & provisions.4,Income from financial services.4,Other income.5,Profit after tax.5,Total capital.5,Reserves and funds.5,Deposits (accepted by commercial banks).5,Current liabilities & provisions.5,Income from financial services.5,Other income.6,Profit after tax.6,Total capital.6,Reserves and funds.6,Deposits (accepted by commercial banks).6,Current liabilities & provisions.6,Income from financial services.6
A B Bank Ltd.,-0.401343375,-0.008861889,-0.509338929,-0.297742796,-0.306801402,-0.272583716,-0.300139572,-0.357027146,-0.031038603,-0.485266209,-0.288735975,-0.285411918,-0.278662914,-0.298423769,-0.295337158,-0.071136923,-0.42963838,-0.281348617,-0.272829216,-0.2891009,-0.292915219,-0.258530523,-0.198388993,-0.430715572,-0.273998644,-0.268706513,-0.29950967,-0.289096321,-0.264430545,-0.216699593,-0.428649759,-0.273556816,-0.266837661,-0.257745075,-0.280252928,-0.242119754,-0.193810781,-0.447734189,-0.268244619,-0.267775532,-0.246829674,-0.267582933,-0.261581768,-0.220151423,-0.467079409,-0.253949575,-0.271964863,-0.258920158,-0.267582933
A P Mahesh Co-Operative Urban Bank Ltd.,0,-1.39E-17,0,4.71E-17,0,0,-0.297468803,-0.3575041,-0.030394585,-0.506745034,-0.287398508,-0.284644441,-0.277402433,-0.297797835,-0.295536463,-0.071867021,-0.443646509,-0.279831863,-0.272119934,-0.289180476,-0.292439678,-0.261252279,-0.200087405,-0.443695336,-0.272664626,-0.268055429,-0.299857509,-0.288519444,-0.265305862,-0.217826143,-0.43991667,-0.272379959,-0.266031569,-0.257891398,-0.279659838,-0.243982465,-0.194775522,-0.458237652,-0.26750201,-0.267029332,-0.246318627,-0.26675976,-0.262909799,-0.219394257,-0.476600483,-0.253155511,-0.271013588,-0.258266922,-0.26675976
A U Small Finance Bank Ltd.,0.090979113,0.130595771,-0.26329651,-0.196824905,-0.270472955,-0.194488273,-0.156197458,-0.10303918,0.138516223,-0.163173643,-0.162918275,-0.202847318,-0.155464126,-0.102597046,-0.172295986,0.171389857,-0.289062438,-0.108512239,-0.174508997,-0.196625114,-0.060416638,-0.090872857,0.20212966,-0.293314776,-0.05835244,-0.15418145,-0.152967707,-0.047334674,-0.012478003,0.069564228,-0.30628556,-0.042745256,-0.114713001,-0.096518042,-0.001149367,-0.172451343,0.068360289,-0.178293615,0.018025168,-0.086446899,-0.082151168,0.015049158,-0.218635969,-0.005014973,-0.214814861,0.002237853,-0.069927153,-0.084040643,0.015049158
Abhyudaya Co-Op. Bank Ltd.,-0.396750418,0.023310856,-0.46712829,-0.254932125,-0.2770139,-0.258913268,-0.258796594,-0.356239137,0.026018638,-0.446626776,-0.245037126,-0.251573273,-0.256695273,-0.25774214,-0.294739245,-0.050686927,-0.395712607,-0.220632847,-0.238131308,-0.26927166,-0.250862484,-0.260394067,-0.18226958,-0.39290951,-0.224412331,-0.237953784,-0.275757497,-0.250795836,-0.265967687,-0.204345858,-0.39469933,-0.228098616,-0.237015648,-0.237327096,-0.248698145,-0.242249533,-0.188550911,-0.394403977,-0.23522348,-0.239770832,-0.235794191,-0.245156397,-0.262460974,-0.217947352,-0.414928987,-0.22571183,-0.246798101,-0.24690919,-0.245156397
Abu Dhabi Commercial Bank Ltd.,-0.402007097,-0.003480996,-0.33123714,-0.294374037,-0.304093193,-0.269072579,-0.29456641,-0.354435009,-0.031102548,-0.350525874,-0.28563921,-0.278921018,-0.268534761,-0.291944088,-0.295712319,-0.068768647,-0.334896699,-0.277967869,-0.265973534,-0.281919874,-0.28640166,-0.261669124,-0.195243658,-0.340835692,-0.270689358,-0.26248474,-0.293541415,-0.282033761,-3.03E-17,-0.215005936,-0.349380723,-0.269836346,-0.258950154,-0.253727162,-0.275135162,0,-0.192513371,-0.370705939,-0.264794654,-0.262081524,-0.243328447,-0.26354561,-0.2634447,-0.221405876,-0.395236407,-0.2513115,-0.267414482,-0.255932925,-0.26354561
Ahmedabad Mercantile Cooperative Bank Ltd.,-0.401980548,-0.003343903,-0.543477413,-0.290895055,-0.305843276,-0.269643238,-0.299369549,-0.356674616,-0.028736581,-0.511040799,-0.282234056,-0.284599978,-0.276019466,-0.298170328,-0.294844759,-0.07005449,-0.447598464,-0.275322909,-0.272234608,-0.289262999,-0.292573564,-0.260810913,-0.197045421,-0.447499406,-0.268639186,-0.268033063,-0.295749938,-0.288421237,-0.266693559,-0.215726315,-0.442897404,-0.268145018,-0.266132816,-0.254832711,-0.279552253,0,-0.192729606,-0.461241087,-0.263400759,-0.267087882,-0.243913292,-0.26680517,6.99E-17,-0.218380019,-0.47902664,-0.249793298,-0.27112721,-0.256016193,-0.26680517
Airtel Payments Bank Ltd.,-0.402723916,-0.145876358,0.448289581,-0.340088258,-0.306020622,-0.240113233,-0.290369741,5.89E-17,-0.190631706,0.462122098,-0.344286613,-0.284806803,-0.209595321,-0.28070231,3.33E-17,-0.242433789,0.525934927,-0.351408023,-0.272093477,-0.246085479,-0.270597428,3.48E-17,-0.350818898,0.7155025,-0.34949619,-0.267239122,-0.253282865,-0.255812775,-3.03E-17,-0.216750684,0.589013382,-0.339661363,-0.26429964,-0.218543595,-0.24189955,0,-0.191544934,0.552251136,-0.324894658,-0.263765164,-0.20755422,-0.225736886,6.99E-17,-0.215758733,0.481109359,-0.296102264,-0.266106912,-0.194785193,-0.225736886
Allahabad Bank [Merged],0.371176025,0.567907142,-0.051273869,0.261503358,0.525061946,0.056561157,0.596802676,1.2597199,0.499444834,-0.105360429,0.245119256,0.530737719,0.180026277,0.580133945,0.028110474,0.151818884,-0.148423348,0.235660975,0.457668838,0.200284612,0.481520627,0.061668034,-0.457250428,-0.142749504,0.215219244,0.371955043,0.065250869,0.441574018,0.082002866,-0.299144677,-0.117495458,0.162448995,0.318126091,0.056859049,0.282344464,0.431211778,-1.05944382,-0.102441925,-0.006726164,0.291418115,0.024596816,0.152140448,0.366152406,-1.391329378,0.354881315,-0.10290563,0.225095622,-0.020682566,0.152140448
American Express Bank Ltd.,-0.389741513,-0.023432896,-0.530409625,-0.288717522,-0.300973101,-0.252811975,-0.27892195,-0.351200022,-0.03153646,0,-0.280474281,-0.276422461,-0.259968528,-0.278973023,-0.29265241,-0.084042578,5.98E-17,-0.274924035,-0.264372983,-0.273035325,-0.274585145,-0.25598041,-0.209296037,-5.68E-17,-0.269594666,-0.260232418,-0.28520926,-0.271329892,-0.259925864,-0.214809236,-5.01E-17,-0.268843575,-0.260611512,-0.242128107,-0.264100817,-0.244158048,-0.185760186,0,-0.262915647,-0.262243213,-0.231667992,-0.253679352,-0.262085928,-0.213341138,9.07E-17,-0.248772575,-0.266029021,-0.244989866,-0.253679352
American Express Banking Corpn.,-0.27855479,-0.047933339,0.440306458,-0.31878176,-0.30257597,-0.179476777,-0.257371919,-0.259749423,-0.047353721,0.23317429,-0.309817048,-0.281347681,-0.174514679,-0.247992351,-0.214489905,-0.055902948,0.154740558,-0.298269998,-0.267996645,-0.100964801,-0.227083568,-0.183118289,-0.173198751,0.26166003,-0.285590829,-0.263996226,-0.11207742,-0.211015695,-0.178179791,-0.211843421,0.330116589,-0.282607376,-0.260985245,-0.076754179,-0.208969626,-0.168840434,-0.194503842,0.289583264,-0.276139631,-0.262586186,-0.143261898,-0.235952755,-0.213065619,-0.262284442,0.40216745,-0.266404984,-0.266319979,-0.207777889,-0.235952755
Andhra Bank [Merged],0.88901199,0.618788159,0.007635049,0.107766838,0.269167356,-0.043961175,0.364300861,0.812628084,0.163075684,-0.071682829,0.096964045,0.321054601,-0.002184922,0.398342899,0.402404181,0.158189984,-0.131863025,0.123349751,0.312487249,0.032387423,0.39697712,0.683037382,-0.015198192,-0.109126921,0.100598166,0.287787335,-0.019100133,0.416588989,0.697350754,-0.174521655,-0.145026522,0.069849664,0.299485945,0.144530197,0.306440512,0.663707009,-0.826235302,0.049351303,-0.001277101,0.276922302,-0.015806355,0.191651122,0.550853161,-0.611991448,0.669188465,-0.032610232,0.237826628,-0.007328904,0.191651122
Andhra Pradesh Grameena Vikas Bank,-0.385812278,0.159948321,-0.452843743,-0.214407139,-0.247674794,-0.20512234,-0.199134409,-0.345870588,0.193874353,-0.442525593,-0.188356363,-0.224624588,-0.189313823,-0.194059985,-0.253694257,-0.033015661,-0.399585628,-0.185357236,-0.21271321,-0.162537714,-0.185497374,-0.119414506,0.011790369,-0.402205019,-0.170088809,-0.210044999,-0.216363956,-0.168968784,-0.143839609,0.038539392,-0.403505043,-0.148862618,-0.203858452,-0.190472396,-0.176719957,-0.242425117,-0.045135361,-0.423300267,-0.13835689,-0.208612255,-0.146262686,-0.186817701,-0.200473922,-0.07357437,-0.444290285,-0.130522066,-0.214619255,-0.187499674,-0.186817701
Antwerp Diamond Bank N V,-0.399192915,-0.004768689,-0.387257492,-0.297076289,-0.306997423,-0.271606463,-0.29946768,-0.356425771,-0.036738846,-0.392907262,-0.28871691,-0.285720338,-0.277754256,-0.29828817,-0.294915102,-0.078946424,-0.364696862,-0.281952307,-0.273191454,-0.28840166,-0.291918383,-0.259499076,-0.196445982,-0.369106619,-0.274199971,-0.268896979,-0.299037146,-0.287323134,-0.265177766,-0.215414661,-0.374314102,-0.272990671,-0.266946476,-0.257073075,-0.279015241,-0.243028207,-0.190622701,-0.394934498,-0.267236413,-0.267971382,-0.245950101,-0.266796598,-0.258433844,-0.222136352,-0.417833992,-0.253316792,-0.272082684,-0.257776058,-0.266796598
Apna Sahakari Bank Ltd.,-0.371343137,-0.000288692,-0.438410811,-0.284226361,-0.292344473,-0.267141058,-0.287500499,-0.32957123,-0.020533347,-0.436141817,-0.277317935,-0.272412316,-0.273318683,-0.287351085,-0.27081099,-0.064816676,-0.398054311,-0.265254674,-0.260302306,-0.285447757,-0.281524366,-0.240017684,-0.19756218,-0.402304863,-0.26076698,-0.257244562,-0.296748697,-0.278045453,-0.239163771,-0.204654957,-0.399005324,-0.260251937,-0.256591519,-0.253691936,-0.272252609,-0.21533948,-0.19074468,-0.418149078,-0.257039562,-0.258995549,-0.243845952,-0.262318612,-0.241058779,-0.224497756,-0.436856187,-0.244007978,-0.264834354,-0.255773883,-0.262318612
Australia & New Zealand Banking Group Ltd.,-0.335794182,0.005767873,0.573012273,-0.290565424,-0.294130742,-0.106033788,-0.285050306,-0.311592166,-0.009292724,0.333570957,-0.279855595,-0.274263906,-0.171063341,-0.281385549,-0.29555991,-0.068191107,0.146120981,-0.272678378,-0.258138858,-0.132375342,-0.274808289,-0.261313579,-0.171992981,0.115497894,-0.263731343,-0.254609008,-0.077183523,-0.272796091,-0.267120543,-0.18695458,0.548467472,-0.260139548,-0.261007193,-0.120323663,-0.267928779,-0.244371802,-0.185898798,0.501761779,-0.255409675,-0.256409679,-0.049068241,-0.2515891,-0.262836019,-0.202532902,0.418500121,-0.24197541,-0.258144366,0.005586769,-0.2515891
Axis Bank Ltd.,-0.239899617,0.122585634,-0.038136834,2.956481953,1.805238552,1.807259783,2.625676751,-0.258297827,2.100167174,-0.128021712,2.862180815,2.061191455,2.593879026,2.780973527,0.036516431,0.517347122,-0.152127978,3.347140472,2.145948035,2.816289737,2.580235261,0.108354717,2.068598463,-0.143278679,3.413795151,1.990836224,2.534415466,2.696534827,0.253693103,3.108350438,-0.174618123,3.424557999,2.116049793,2.621881528,2.808860561,0.151957944,1.574936029,-0.200276016,3.21553923,2.212565204,2.458716521,2.775997915,-0.007436088,3.27183199,-0.235505039,3.001708642,2.207291878,2.267827192,2.775997915
B N P Paribas,-0.231111936,0.161412276,2.19543608,-0.176134202,-0.199887026,0.482819468,-0.191909809,-0.246000728,0.140484817,2.002834879,-0.158822461,-0.180532293,0.383320783,-0.198123911,-0.223962727,0.076676954,1.471383651,-0.146256394,-0.194217731,0.373341734,-0.19961096,-0.188549539,-0.136495134,1.78798053,-0.15261284,-0.201226621,0.683517119,-0.199374856,-0.212370529,-0.076355958,1.528116347,-0.150932129,-0.21498523,0.316917318,-0.192393269,-0.230760276,-0.100894419,2.564967129,-0.152827308,-0.201119785,0.321770307,-0.191528298,-0.254984654,-0.154105146,2.342818376,-0.159635922,-0.228336849,0.44597534,-0.191528298
Banares State Bank Ltd. [Merged],-0.402378781,-0.018786429,-0.531092196,-0.301367188,-0.305741749,-0.272270646,-0.299812024,-0.353667737,-0.040420253,-0.468023278,-0.293059149,-0.284202545,-0.277728195,-0.297741739,-0.295313711,-0.080181415,-0.417514139,-0.286023662,-0.271620686,-0.288460605,-0.291566603,-0.253442558,-0.200676509,-0.419213503,-0.278109584,-0.267251775,-0.299267334,-0.287016509,-0.265519354,-0.218799421,-0.41758538,-0.27687811,-0.265194395,-0.257209643,-0.27797017,-0.243081646,-0.196525731,-0.436982579,-0.272062678,-0.265801732,-0.245667365,-0.265582806,-0.262448677,-0.222486137,-0.457051556,-0.257113922,-0.269816067,-0.257718603,-0.265582806
Bandhan Bank Ltd.,-0.125739419,0.646417256,0.634038153,0.123680733,-0.149638719,-0.211551762,0.03550066,-0.11446532,0.855472515,0.379948754,0.185658696,-0.100957061,-0.150001751,0.194993677,-0.082855195,1.024608723,0.398256778,0.300797061,-0.057652668,-0.064391378,0.246070918,0.016930716,0.558617064,0.354869718,0.300987745,-0.020006086,-0.129416948,0.273720642,1.002526842,-0.186921371,0.264267461,0.234070302,0.012124226,0.032126175,0.250552261,0.600695496,0.210060744,0.225625515,0.232031119,0.014935428,-0.077433206,0.218019527,-0.215856942,0.092593491,0.16100417,0.177769607,0.04149037,-0.065144257,0.218019527
Bank Of America N A,-0.376360876,0.338105322,0.428821445,0.023548369,-0.218158434,0.715715609,-0.183184946,-0.352879727,0.299525252,0.224485469,0.041701779,-0.204342687,0.522911908,-0.16873612,-0.293156533,0.237857792,1.228646245,0.053857461,-0.187883673,0.741327679,-0.117312396,-0.259474556,0.21218233,1.142471864,0.054298485,-0.142490659,1.123907105,-0.152301186,-0.265935663,0.094343223,0.958813738,0.056525408,-0.161927228,0.716486162,-0.181575313,-0.239524175,-0.042233746,0.900508329,0.040140081,-0.165512902,0.581767881,-0.171575219,-0.259731133,-0.057706181,1.606160244,0.010284782,-0.150037265,0.662728583,-0.171575219
Bank Of Bahrain & Kuwait Bsc,-0.401980548,-0.003441826,-0.256183914,-0.293365997,-0.300511386,-0.269170067,-0.294850637,-0.356902724,-0.030243857,-0.29374544,-0.284743117,-0.278316717,-0.274567002,-0.292257256,-0.295958519,-0.070025432,-0.294971952,-0.277551784,-0.264902355,-0.286330465,-0.285981999,-0.261203238,-0.203105273,-0.30295974,-0.271169473,-0.260704635,-0.296464798,-0.2833421,-0.267259313,-0.215486188,-0.315976248,-0.270321105,-0.26013169,-0.254332505,-0.2763122,-0.243600762,-0.194128665,-0.338245745,-0.26549202,-0.262910088,-0.244500443,-0.264344224,-0.261409616,-0.218195995,-0.364961309,-0.251531881,-0.267017048,-0.256938384,-0.264344224
Bank Of Baroda,4.595713948,-1.203047968,-0.021270385,1.918038303,2.446498188,1.52769723,2.07275437,4.72847636,0.162134778,-0.116025003,1.873082524,2.44727653,1.815540145,3.03199215,4.225426461,0.124681776,0.037855298,2.768292927,3.302052904,3.173473933,2.64406274,6.104491691,0.084405239,0.067782281,2.501063158,2.820598233,2.543240607,2.505483794,5.703555844,1.638674983,0.010997519,2.465828746,2.76542042,2.031332282,2.622817324,1.861215853,2.412142483,-0.020514911,2.444332967,2.885158188,2.277763376,2.513525796,1.868855759,2.278293181,-0.068618899,2.151874136,2.806647499,1.914751604,2.513525796
Bank Of Ceylon,-0.400281419,-0.007368556,-0.432178633,-0.296414957,-0.306776765,-0.272438673,-0.299962758,-0.355617024,-0.030262127,-0.426891703,-0.287432827,-0.285302792,-0.278255495,-0.298217545,-0.294633731,-0.068354562,-0.388592772,-0.279537979,-0.272829254,-0.289280683,-0.292606567,-0.258763466,-0.198206405,-0.381781858,-0.273399414,-0.268527838,-0.299245594,-0.288633292,-0.264836179,-0.21619124,-0.385492956,-0.272380928,-0.266546242,-0.257597127,-0.27980491,-0.242783917,-0.192692643,-0.405797347,-0.267022483,-0.267598675,-0.246290492,-0.267195789,-0.262202746,-0.217952971,-0.427965595,-0.252747655,-0.271646433,-0.258313968,-0.267195789
Bank Of India,3.570422632,-2.971496238,1.179027253,1.448818234,2.118349879,0.487246036,1.614062541,4.001475207,-2.56942352,1.552640206,1.563757777,1.943040184,0.919391879,1.54931316,3.454892112,-1.147751109,1.275690826,1.460563543,1.826193218,1.030400441,1.437901089,1.964996326,0.543059195,1.187102286,1.273287623,1.734605752,0.824195691,1.29614051,2.313623692,0.650687881,1.362137447,1.37270656,1.553346469,1.086939497,1.299869579,1.844825531,0.547960266,1.292430836,1.262383899,1.485961901,0.76859807,1.208749839,1.680035651,0.666910661,1.335152828,1.137412827,1.439940058,0.776462864,1.208749839
Bank Of Madura Ltd. [Merged],-0.394414116,-0.011143505,-0.543695045,-0.299150327,-0.304014579,-0.268697688,-0.294484191,-0.346451227,-0.020487672,-0.511257833,-0.288984784,-0.280316975,-0.273194459,-0.290674464,-0.282757532,-0.069669464,-0.442988726,-0.279862844,-0.267546645,-0.284830304,-0.283282142,-0.249690949,-0.192156888,-0.443380827,-0.272134088,-0.262972774,-0.294578538,-0.277240881,-0.254663287,-0.210318363,-0.439749362,-0.269552466,-0.259137803,-0.249132629,-0.268944286,-0.230798447,-0.189973996,-0.458520027,-0.264357578,-0.260270042,-0.236965725,-0.257775986,-0.253902555,-0.214203662,-0.477139185,-0.250059357,-0.263785514,-0.244168013,-0.257775986
Bank Of Maharashtra,0.16831601,-0.573321944,2.024555703,0.080025026,0.339889788,-0.00819276,0.23546923,0.408565745,-2.220913948,1.547506243,-0.149060287,0.315940487,0.415507792,0.224395189,0.040971471,0.067432684,2.615698341,-0.071572717,0.293793907,0.032411738,0.22383676,0.796235425,-0.01161189,2.825797596,-0.072602066,0.286839034,0.101541878,0.2643102,0.449529282,0.075110124,2.518411329,-0.044190491,0.31935567,0.103839477,0.25630091,0.508720367,0.285354878,2.416019035,-0.021935561,0.345066913,0.084706668,0.255334533,0.382574487,0.349028532,2.343907753,0.017438497,0.355987458,0.115522789,0.255334533
Bank Of Nova Scotia,-0.386316707,0.130972776,0.284452554,-0.247122916,-0.29215567,-0.25606156,-0.264577953,-0.351614764,0.038848752,0.11526527,-0.245284505,-0.264639806,-0.245007806,-0.270981578,-0.293824789,-0.028562429,-0.007379065,-0.242055007,-0.256328765,-0.246661671,-0.2731889,-0.229817232,-0.205165416,-0.030125083,-0.244651337,-0.255913733,-0.266371594,-0.27564774,-0.261313562,-0.204483803,-0.075351311,-0.245491167,-0.25811472,-0.2416615,-0.268469753,-0.23947837,-0.188101807,-0.104422822,-0.243075761,-0.259364484,-0.23710225,-0.260553876,-0.258347768,-0.214127805,-0.146878451,-0.233354366,-0.264364738,-0.247666927,-0.260553876
Bank Of Punjab Ltd. [Merged],-0.397254847,0.00348136,-0.442051194,-0.297681734,-0.29914841,-0.262104995,-0.288072491,-0.350702332,-0.02074802,-0.434360646,-0.288446175,-0.274804957,-0.262354842,-0.284568487,-0.288302884,-0.060792059,-0.393844505,-0.280556033,-0.261852475,-0.281244212,-0.276045146,-0.252915371,-0.188870306,-0.39675851,-0.273076414,-0.258426975,-0.289430646,-0.272791362,-0.254631263,-0.211151141,-0.398701527,-0.271707238,-0.25676931,-0.24858419,-0.267371043,-0.230454914,-0.188706156,-0.418632536,-0.266056448,-0.257326056,-0.236101373,-0.258819722,-0.246832023,-0.229209327,-0.439936769,-0.253453826,-0.26221803,-0.250271961,-0.258819722
Bank Of Rajasthan Ltd. [Merged],-0.344342923,0.021411141,-0.439508861,-0.288603678,-0.271797463,-0.249877046,-0.276684817,-0.312317965,-0.019884762,-0.432437281,-0.279808884,-0.251214185,-0.245663673,-0.27637203,-0.255323864,-0.068169313,-0.392492105,-0.272777774,-0.2397929,-0.258449281,-0.262266088,-0.208153532,-0.163084069,-0.39547551,-0.263800401,-0.234583304,-0.267647217,-0.249384197,-0.191832602,-0.189626624,-0.38573071,-0.249275582,-0.22702216,-0.222087315,-0.236545279,-0.208949773,-0.173789638,-0.394523772,-0.245236005,-0.228377525,-0.214970862,-0.23479364,-0.231934718,-0.234953398,-0.417450914,-0.238388702,-0.237262155,-0.219309235,-0.23479364
Banque Nationale De Paris,-0.40288321,-0.003931444,-0.544931588,-0.295957509,-0.305502974,-0.269082883,-0.297055502,-0.357545574,-0.028503639,-0.512193321,-0.285217856,-0.284545158,-0.274994402,-0.294663326,-0.295255092,-0.068681471,-0.448571981,-0.277872776,-0.271829018,-0.28664877,-0.288548719,-0.260835433,-0.193014707,-0.448677569,-0.270680589,-0.267081535,-0.297961019,-0.283779305,-0.265519354,-0.214420947,-0.444491239,-0.269858307,-0.264910399,-0.254691808,-0.274727374,-0.243394642,-0.191384144,-0.463127859,-0.264675959,-0.265742815,-0.244317794,-0.262253277,-0.262085928,-0.217586328,-0.481436837,-0.250919881,-0.269750567,-0.25505778,-0.262253277
Barclays Bank Plc,-0.402591172,0.174710278,4.647085751,-0.301089822,-0.256800625,0.748958066,-0.21021045,-0.315490741,0.152355756,3.415752393,-0.272680652,-0.230059533,0.617829356,-0.216043118,-0.243822827,0.099400786,2.313334297,-0.246348389,-0.216138367,0.378459671,-0.213104618,-0.252939891,-0.021450967,2.171497635,-0.225405811,-0.235491218,0.413112435,-0.230921952,-0.253307613,-0.137590733,1.866357024,-0.22002371,-0.242863396,0.243888737,-0.224326277,-0.227683751,-0.141546598,1.782397077,-0.231443962,-0.235067811,0.374059016,-0.216556412,-0.257609974,-0.180857428,1.612927947,-0.224738301,-0.238707965,0.61110794,-0.216556412
Bareilly Corporation Bank Ltd. [Merged],0,-1.39E-17,0,4.71E-17,0,0,-4.02E-17,5.89E-17,0,0,0,0,3.95E-17,-3.67E-17,3.33E-17,-1.03E-17,5.98E-17,0,0,3.35E-17,-0.293267749,-0.261178718,-0.20135863,-0.446595815,-0.276250873,-0.268438756,-0.299934878,-0.28914688,-0.26667221,-0.219634754,-0.442655247,-0.275336957,-0.266430585,-0.25792554,-0.280199288,-0.243875588,-0.195498153,-0.461343768,-0.270002418,-0.267315536,-0.246411796,-0.267428632,-0.262909799,-0.220474519,-0.479772844,-0.255204749,-0.271469399,-0.258669106,-0.267428632
Baroda Gujarat Gramin Bank,-0.40216639,-0.010570652,-0.523118966,-0.29366044,-0.291688879,-0.268306153,-0.28763753,-0.34885673,-0.031796808,-0.495691297,-0.285054843,-0.270652563,-0.274337666,-0.270579624,-0.286685001,-0.072539001,-0.407905257,-0.269200386,-0.241720878,-0.273019852,-0.2635697,-0.243732512,-0.201000345,-0.410097714,-0.263854478,-0.239915121,-0.28421114,-0.258311241,-0.222810286,-0.213120688,-0.41046596,-0.263556438,-0.23832093,-0.243853089,-0.254735414,-0.166756336,-0.190144027,-0.430064412,-0.259005705,-0.239983082,-0.236906226,-0.247917374,-0.190243169,-0.214880757,-0.450599094,-0.245818651,-0.244771582,-0.247340934,-0.247917374
Bharat Co-Op. Bank (Mumbai) Ltd.,-0.402777014,0.043693619,-0.319633418,-0.250348335,-0.259008371,-0.251611214,-0.249774242,-0.35785663,0.018240181,-0.318719251,-0.24779166,-0.239771318,-0.255390488,-0.249146958,-0.295923348,-0.022245814,-0.289062438,-0.239796872,-0.228486275,-0.267807603,-0.24591881,-0.261730425,-0.190413691,-0.299879542,-0.239227571,-0.232304014,-0.285786008,-0.250360451,-0.267163242,-0.243322963,-0.322677396,-0.245626486,-0.23332149,-0.246337865,-0.249383582,-0.244402338,-0.173301723,-0.354285454,-0.241371585,-0.238403261,-0.237518745,-0.244959002,-0.263383217,-0.192383498,-0.387802308,-0.224479819,-0.24604574,-0.247606142,-0.244959002
Bharat Overseas Bank Ltd. [Merged],-0.399431855,-0.011887723,-0.530340378,-0.296515864,-0.300813918,-0.267321767,-0.293551058,-0.35285899,-0.027882459,-0.501154553,-0.287376106,-0.279058174,-0.273823396,-0.291117178,-0.292429658,-0.065448701,-0.440810152,-0.279136953,-0.266507215,-0.285386601,-0.286316152,-0.258064637,-0.194248037,-0.441314049,-0.271679915,-0.262275519,-0.294416128,-0.282027941,-0.26188999,-0.210093564,-0.437997025,-0.27019386,-0.260011046,-0.252662258,-0.274174819,-0.235875095,-0.191838792,-0.456817225,-0.264830123,-0.260961307,-0.240460495,-0.262051017,-0.25805265,-0.219824114,-0.47555101,-0.251082244,-0.264683422,-0.252799973,-0.262051017
Bombay Mercantile Co-Op. Bank Ltd.,-0.400361066,-0.000141807,-0.503136428,-0.290525061,-0.296637294,-0.225337927,-0.290823267,-0.345704691,-0.029042604,-0.478822562,-0.281593444,-0.275525531,-0.225274456,-0.289429862,-0.294750969,-0.068979322,-0.40898402,-0.274421032,-0.262742951,-0.268393373,-0.28559009,-0.261472961,-0.200745411,-0.407591621,-0.269007128,-0.260655333,-0.290082205,-0.282561171,-0.266928401,-0.219782917,-0.387491853,-0.270091482,-0.259663871,-0.249788371,-0.274848674,-0.244112244,-0.196357549,-0.400637601,-0.26574477,-0.262148458,-0.238265944,-0.263565071,-0.259731133,-0.220078376,-0.421580969,-0.251811145,-0.26672681,-0.251032197,-0.263565071
British Bank Of The Middle East,0,-0.005698962,0,-0.29862716,-0.304633614,-0.269297673,-0.297837018,5.89E-17,-0.029787107,0,-0.289420438,-0.282959279,-0.272796595,-0.29541033,3.33E-17,-0.065437804,5.98E-17,-0.280986748,-0.270537677,-0.284403686,-0.289479174,3.48E-17,-0.195808647,-5.68E-17,-0.272620049,-0.266546947,-0.293409057,-0.285276421,-3.03E-17,-0.215700769,-5.01E-17,-0.272028258,-0.264588304,-0.253215574,-0.277356356,0,-0.194973275,0,-0.267061862,-0.265505625,-0.244913247,-0.264956101,6.99E-17,-0.22813047,9.07E-17,-0.254575214,-0.269942775,-0.256597818,-0.264956101
C S B Bank Ltd.,-0.287023884,-0.060115014,-0.465782931,-0.258273458,-0.238956188,-0.253205096,-0.238865732,-0.268977432,-0.126047221,0.038854538,-0.258302644,-0.221242752,-0.248287142,-0.234793674,-0.225545439,-0.069091924,-0.35779278,-0.206854266,-0.213715827,-0.266483542,-0.215177421,-0.149366073,-0.125936041,-0.362541853,-0.20290946,-0.207986177,-0.262684754,-0.210341338,-0.152934366,-0.101931969,-0.368524345,-0.195221546,-0.208642989,-0.230863426,-0.203779628,-0.162473629,-0.094383343,-0.389308407,-0.185306362,-0.203965217,-0.216152082,-0.190510511,-0.167992511,-0.140981861,-0.412586628,-0.176583158,-0.203255704,-0.226782106,-0.190510511
Canara Bank,8.181432645,-2.079673244,0.179425522,1.504429674,2.136594322,1.130034471,1.874212685,8.604136142,0.122625882,0.050776408,1.397069164,2.277568789,1.333464727,1.815376781,5.116809633,-0.885798649,0.093035329,1.362633728,2.090184552,1.060798594,2.578783512,9.481478764,0.679924341,0.372911591,1.81516288,2.960795767,2.023101454,2.484599465,9.985927104,1.231515208,0.353803959,1.801279182,2.882761261,1.329368047,2.476920757,9.410131016,1.764202639,0.312601037,1.735116607,2.821055853,1.358814242,2.353226501,8.7212101,1.823928617,0.242072957,1.587985387,2.772792374,1.182570902,2.353226501
Capital Small Finance Bank Ltd.,0,-0.00307951,-0.517747422,-0.289472518,-0.294098049,-0.269297673,-0.284996378,-0.35464238,-0.027010066,-0.491627534,-0.280825092,-0.270270836,-0.275247193,-0.279817689,-0.290295929,-0.064493399,-0.431306515,-0.267705576,-0.256591902,-0.285886901,-0.27347505,-0.254607273,-0.187127108,-0.432248182,-0.260998633,-0.252459986,-0.295199406,-0.267419787,-0.261068046,-0.203071145,-0.429944199,-0.259688054,-0.249646173,-0.253410671,-0.259101608,-0.244432874,-0.178245558,-0.448902191,-0.253834247,-0.250976595,-0.242521288,-0.248302432,-0.263438552,-0.204939259,-0.463863154,-0.230222491,-0.254860254,-0.252940279,-0.248302432
Central Bank Of India Ltd.,1.287457627,-2.511838739,2.044053516,0.495136401,1.06575022,0.336966224,0.768247248,1.409939432,-2.612622958,2.515946793,0.418213983,0.997251904,0.283371835,0.75595542,0.946751457,-0.481023127,2.555524428,0.392642217,0.91250371,0.835086264,0.652637314,0.563071732,-0.506952237,2.484030404,0.302155149,0.785184549,0.164259074,0.616375744,0.921026285,0.047850674,3.377162156,0.333391347,0.72642507,0.214613356,0.569551358,1.061800222,0.096871889,3.250494593,0.300584419,0.673091621,0.197643489,0.514593659,0.918545446,0.137475629,2.982198752,0.252853848,0.621107471,0.145074958,0.514593659
Centurion Bank Of Punjab Ltd. [Merged],-0.386051218,-0.008954916,-0.39509223,-0.296733721,-0.287545787,-0.253633882,-0.277423455,-0.346637861,-0.109796047,-0.39883452,-0.296025313,-0.270836836,-0.258021775,-0.281591369,-0.28296856,-0.082923821,-0.36886457,-0.289446578,-0.262684329,-0.27417813,-0.27865912,-0.254288509,-0.240087939,-0.420845958,-0.276055393,-0.259464709,-0.288773332,-0.275276371,-0.256253802,-0.212640436,-0.400321778,-0.26338301,-0.256941013,-0.243863927,-0.249434479,-0.232226016,-0.179317492,-0.403303042,-0.247857342,-0.243539139,-0.213250459,-0.229296709,-0.247791156,-0.203555568,-0.419310437,-0.228338431,-0.237723024,-0.200977405,-0.229296709
Chase Manhattan Bank N A [Merged],0,-1.39E-17,0,4.71E-17,0,0,-0.30142589,-0.356031766,-0.035752265,-0.489322489,-0.2913866,-0.285949074,-0.278987808,-0.299061002,-0.295735767,-0.072571692,-0.432490523,-0.283606752,-0.273388711,-0.289596778,-0.293206244,-0.258481483,-0.200469806,-0.429881871,-0.276120431,-0.269122751,-0.300269929,-0.288420509,-0.265700822,-0.216610184,-0.427042717,-0.274894506,-0.26716454,-0.258329824,-0.279434,-0.24021124,-0.192655679,-0.442724187,-0.269403917,-0.267954459,-0.24695144,-0.26677899,-0.260229145,-0.218925066,-0.414869131,-0.254847983,-0.272056883,-0.257407598,-0.26677899
Chembur Nagarik Sahakari Bank Ltd.,-0.398476095,-0.010614718,-0.533545498,-0.298053281,-0.305106833,-0.271967087,-0.299037139,-0.354517958,-0.033906994,-0.502965659,-0.289404709,-0.283760777,-0.278006179,-0.297034285,-0.293097914,-0.071060644,-0.441578441,-0.281702742,-0.271071622,-0.288875433,-0.291670487,-0.258579564,-0.199264037,-0.441633551,-0.274342471,-0.267217586,-0.29974817,-0.287970211,-0.264601338,-0.218812194,-0.438155527,-0.273585882,-0.265397933,-0.25772394,-0.279486421,-0.241982341,-0.194829118,-0.456838617,-0.268469162,-0.266653271,-0.246026205,-0.26706651,-0.262122818,-0.219616209,-0.475511106,-0.253570728,-0.270866787,-0.258229035,-0.26706651
Chinatrust Commercial Bank,0,-0.01233817,-0.511208582,-0.300080747,-0.307327432,-0.272709736,-0.301283113,-0.358209161,-0.035875588,-0.486680668,-0.291394227,-0.285935337,-0.279020818,-0.29929386,-0.295864729,-0.073879329,-0.430632946,-0.283768539,-0.27319769,-0.289400048,-0.293336755,-0.261607823,-0.20103135,-0.431474389,-0.276228585,-0.268918962,-0.300251386,-0.289524796,-0.266405345,-0.218745776,-0.429318994,-0.275173218,-0.266959523,-0.258240405,-0.280754586,-0.24414278,-0.195043505,-0.448384505,-0.269758046,-0.26799268,-0.246873953,-0.267898255,-0.263008171,-0.220401471,-0.467685949,-0.255003852,-0.27206512,-0.258672436,-0.267898255
Cho Hung Bank,-0.402431879,-0.012029712,-0.511752661,-0.299890316,-0.306945961,-0.271394843,-0.300897217,-0.35814695,-0.033966372,-0.487092284,-0.291033406,-0.285708056,-0.276531129,-0.299186511,-0.295876452,-0.071489259,-0.43092237,-0.283214332,-0.27311057,-0.287238224,-0.293407636,-0.261681384,-0.197386482,-0.431933673,-0.275257759,-0.26896395,-0.298531372,-0.28968411,-0.267163242,-0.217994742,-0.429724056,-0.274251497,-0.267004348,-0.257823656,-0.280719233,-0.244280193,-0.194409585,-0.448778118,-0.268899255,-0.267908483,-0.245188143,-0.267787278,-0.263346327,-0.219859233,-0.450447459,-0.254254817,-0.271863654,-0.257303097,-0.267787278
Citibank N A,-0.208120604,1.762768893,3.157615068,0.631503888,0.177063716,1.049961537,0.310993355,-0.104760359,1.518468332,2.288914865,0.603752491,0.20057334,0.672029178,0.32351784,-0.070299016,1.446525192,1.521006737,0.593555111,0.209963651,0.935814409,0.361169422,-0.02686257,1.493229488,1.41982947,0.556480942,0.235280527,1.250013517,0.289642592,-0.079962813,0.826478252,1.203427663,0.516934531,0.215374611,0.721644851,0.218799984,0.007613179,0.493239875,1.138207479,0.460414209,0.202445206,0.647426839,0.169080942,6.974647155,1.691799537,1.01210273,0.548838187,0.069752283,0.618531267,0.169080942
Citizencredit Co-Op. Bank Ltd.,-0.402697368,-0.001527423,-0.530834995,-0.281506514,-0.293755791,-0.250607013,-0.288606026,-0.358188424,-0.027010066,-0.5015512,-0.273694953,-0.272829862,-0.25873932,-0.287251,-0.295935071,-0.069171835,-0.441115363,-0.267263674,-0.261051425,-0.269984163,-0.282896234,-0.261730425,-0.19289413,-0.441638543,-0.261485325,-0.259020194,-0.273061743,-0.280106715,-0.265583401,-0.211863857,-0.43834485,-0.261495969,-0.257677635,-0.252656839,-0.273124568,-0.244417606,-0.188530581,-0.457206559,-0.257267735,-0.259746989,-0.244389747,-0.262269958,-0.263413958,-0.214924305,-0.476021876,-0.244778228,-0.265032131,-0.25653162,-0.262269958
City Co-Op. Bank Ltd.,-0.401423021,-0.012225559,-0.544634817,-0.299794066,-0.306927518,-0.272482265,-0.300936116,-0.357317466,-0.03543254,-0.511744287,-0.29102864,-0.285508205,-0.278651621,-0.299173193,3.33E-17,-0.072746044,-0.448061542,-0.283309855,-0.27295965,-0.289738247,-0.293576775,-0.260982555,-0.200542152,-0.448063526,-0.275566508,-0.268726643,-0.300277602,-0.289671379,-0.266736258,-0.218722785,-0.443826407,-0.274629035,-0.266766742,-0.257914159,-0.280786283,0,-0.195498153,-0.462340635,-0.269595225,-0.267770292,-0.246571844,-0.267918643,6.99E-17,-0.22049278,-0.480495104,-0.254890847,-0.271848804,-0.25860041,-0.267918643
City Union Bank Ltd.,0.431972968,0.277461339,-0.480166402,-0.088089008,-0.154372297,-0.178944955,-0.128838661,0.409270807,0.276016317,-0.457972385,-0.064168312,-0.121428499,-0.149803688,-0.118244168,0.149733067,0.099302713,-0.410299584,-0.059044114,-0.119067574,-0.174110173,-0.124964553,0.140145308,0.00305371,-0.41229429,-0.065455878,-0.12683684,-0.199064711,-0.107394259,0.221498515,-0.024866738,-0.412367994,-0.064944706,-0.128905434,-0.153132466,-0.105763982,0.231420851,-0.022282834,-0.431878452,-0.063732567,-0.130895957,-0.15243169,-0.134445329,0.058307568,-0.077920702,-0.452279048,-0.074895626,-0.143073721,-0.174011951,-0.134445329
Coastal Local Area Bank Ltd.,-0.391838874,-0.00964038,-0.523148643,-0.299402337,-0.306505856,-0.272064575,-0.298839108,-0.34614017,-0.029239007,-0.495713749,-0.289278875,-0.284027901,-0.278163413,-0.296957608,-0.288760112,-0.067853301,-0.436984491,-0.281252664,-0.271457218,-0.288971956,-0.291398963,-0.245363113,-0.194478855,-0.437684707,-0.273395394,-0.267380988,-0.299524377,-0.287196192,-0.256477969,-0.214070976,-0.434796148,-0.272109643,-0.265346875,-0.257174417,-0.278797937,-0.234279577,-0.192851585,-0.45370683,-0.26687586,-0.266461351,-0.245667365,-0.266224339,-0.256669285,-0.217771757,-0.472649995,-0.252423579,-0.270496755,-0.257822272,-0.266224339
Commerzbank A G,0,-0.014502278,-0.476951389,-0.30030947,-0.307363712,-0.272706566,-0.30030445,-0.358312846,-0.03565178,-0.457298833,-0.291376114,-0.285525494,-0.278482225,-0.297603316,-0.295841281,-0.074017358,-0.409973324,-0.283768539,-0.272902276,-0.289536359,-0.292084147,-0.258726686,-0.20071096,-0.412059656,-0.276208854,-0.268290915,-0.300188084,-0.287942203,-0.267109869,-0.218497986,-0.412196283,-0.275156101,-0.266765437,-0.257488198,-0.27913837,-0.244127512,-0.195348452,-0.431745821,-0.269823398,-0.26676364,-0.245910435,-0.267458751,-0.262178152,-0.221794995,-0.452167318,-0.255269478,0,-0.259067126,-0.267458751
Commonwealth Bank Of Australia,0,-0.013312509,-0.411196969,-0.300183724,0,-0.272827831,-0.301162438,5.89E-17,-0.043567262,-0.394389077,-0.29229175,-0.285955536,-0.278521317,-0.298976253,-0.295935071,-0.075869844,-0.360071338,-0.284814562,-0.273357076,-0.289419942,-0.293312753,-0.261742685,-0.203305086,-0.36471846,-0.277358353,-0.268978328,-0.299973882,-0.289053037,-0.267248639,-0.220038371,-0.368000405,-0.276366869,-0.267003768,-0.257587914,-0.280005757,-0.244379436,-0.195995309,-0.388799278,-0.270968174,-0.267905863,-0.246477292,-0.267503002,-0.263340179,-0.221877876,-0.410252249,-0.256169619,-0.27198252,-0.258572931,-0.267503002
Cooperatieve Rabobank U A,-0.402777014,-0.079538128,0.661024472,-0.302656218,-0.298196013,-0.263376295,-0.289374281,-0.358105475,-0.147450538,0.400155314,-0.305410461,-0.275310488,-0.266646211,-0.282526839,-0.294926825,-0.036063183,0.192939284,-0.291941799,-0.257049801,-0.272645549,-0.277741416,-0.261485222,-0.218701037,0.159913651,-0.285043118,-0.254325403,-0.28426549,-0.278555404,-0.265498004,-0.218485213,0.092252243,-0.282962952,-0.257059946,-0.246858666,-0.270239271,-0.244440508,-0.212142703,0.058442896,-0.279112584,-0.262268048,-0.234757798,-0.263486067,-0.26161251,-0.214827376,0.005023769,-0.261396193,-0.271863283,-0.246586111,-0.263486067
Corporation Bank [Merged],1.552813713,0.262635731,-0.380184465,0.213122591,0.593296501,0.153095218,0.602671116,1.302272423,0.23098531,-0.387556266,0.20035272,0.567125974,0.218928323,0.516078087,0.792525004,-0.257682294,-0.341485045,0.196503765,0.502067188,0.094249168,0.512068499,1.042161943,-0.007836109,-0.334650335,0.179860999,0.43558802,0.220719,0.396799126,0.8568506,-1.254648303,-0.298267957,0.064270897,0.264329842,0.042757875,0.207365471,0.935013789,-1.365981875,0.049355582,0.159214027,0.215352055,-0.060207963,0.124211188,1.56712232,-0.556567978,-0.003451821,0.016553077,0.204261579,0.079530685,0.124211188
Cosmos Co-Operative Bank Ltd.,-0.402750465,-0.001806505,-0.167083558,-0.220751377,-0.234492215,-0.214210873,-0.229167511,-0.358229898,-0.013741471,-0.23480964,-0.213382152,-0.222061796,-0.214950846,-0.235715826,-0.294868207,-0.063777831,-0.267829229,-0.215073567,-0.215369935,-0.250846059,-0.231745968,-0.26056571,-0.203408438,-0.288092917,-0.215230221,-0.220591049,-0.259758813,-0.226900181,-0.263512529,-0.174825644,-0.29805662,-0.216755058,-0.220350344,-0.22227645,-0.235074744,-0.243249595,-0.122728609,-0.320083952,-0.217415647,-0.224879599,-0.228980843,-0.231294519,-0.263020468,-0.156843026,-0.349047629,-0.213678131,-0.231305942,-0.236839611,-0.231294519
Credit Agricole Corporate & Invst. Bank,-0.398741584,-0.085903151,0.421916588,-0.256547681,-0.298753759,0.280898209,-0.282199188,5.89E-17,-0.159047426,0.219261699,-0.264149653,-0.274400549,0.013350877,-0.277402338,-0.295536463,-0.015638613,0.065745262,-0.252274702,-0.263175111,0.268674562,-0.270442165,-0.246233584,-0.166983871,0.098554308,-0.245873913,-0.248211691,0.46564958,-0.26639152,-0.256467294,-0.162576646,0.159681997,-0.241273665,-0.247756429,0.048821054,-0.261021075,-0.238272189,-0.181555616,0.553838421,-0.23843857,-0.247450455,-0.021076875,-0.247695421,-0.257068924,-0.20926452,0.465985776,-0.229010613,-0.25269111,0.050692953,-0.247695421
Credit Lyonnais,-0.400865495,-0.015084923,-0.508676141,-0.299015784,-0.304240221,-0.268878397,-0.294878485,-0.357110095,-0.028695474,-0.484764787,-0.289954758,-0.282663868,-0.275222869,-0.293225011,-0.291233832,-0.067853301,-0.422634315,-0.282299547,-0.270183867,-0.285399127,-0.28692858,-0.25902093,-0.200297553,-0.400228101,-0.27490297,-0.265809305,-0.296661097,-0.283627265,-0.264366497,-0.217974306,-0.39599377,-0.274358719,-0.264236462,-0.254982286,-0.276027845,-0.239577613,-0.19396233,-0.385222538,-0.268551271,-0.265558544,-0.244220935,-0.264750366,-0.261440358,-0.219245352,-0.408775804,-0.253890691,-0.270047163,-0.256935886,-0.264750366
Credit Suisse A G (Mumbai),-0.392688439,0.104979001,0.576860396,-0.2551298,-0.29375784,-0.22747869,-0.281627639,-0.352257614,0.013311846,0.81545251,-0.244857431,-0.270788478,-0.265631572,-0.278717161,-0.294176503,-0.067871462,0.484952467,-0.241045989,-0.260374723,-0.272028832,-0.275639736,-0.247900966,-0.240418664,0.43694177,-0.244127375,-0.260094322,-0.272563643,-0.256272167,-0.250019837,-0.134673453,0.974989834,-0.236202264,-0.251941891,-0.244497451,-0.231635064,-0.229470121,-0.139618965,0.916227158,-0.227715832,-0.260740595,-0.201687324,-0.233114396,-0.253902555,-0.183977404,0.805065275,-0.216801996,-0.26827529,-0.218646839,-0.233114396
D B S Bank India Ltd.,0,-1.39E-17,0,4.71E-17,0,0,-4.02E-17,5.89E-17,0,0,0,0,3.95E-17,-0.284899412,-0.295102682,-0.066269606,2.201842852,-0.245595821,-0.145542413,0.278977485,-0.155464421,-0.258432442,-0.162932487,2.065727529,-0.239772724,-0.155226949,0.472568638,-0.127116832,-0.25752408,-0.139407007,2.495802659,-0.2052258,-0.117854707,0.160690186,-0.121047487,-0.226981418,-0.164759517,2.641657386,-0.191845741,-0.139855285,0.10756819,-0.111642074,-0.241673608,-0.188558332,2.414346138,-0.189703606,-0.12980558,0.243425508,-0.111642074
D B S Bank Ltd.,-0.393007025,0.151884326,0.898688073,-0.23894837,-0.247193006,0.20250317,-0.172008122,-0.348753045,0.095915128,0.579956279,-0.221332121,-0.219686144,0.193637041,-0.186310277,-0.293027572,-0.072894969,0.889556908,-0.220404796,-0.207229224,0.403656627,-0.193758583,-0.257831694,-0.295791034,0.820788361,-0.232472345,-0.213562042,0.006480753,-0.204476907,-0.251482257,-0.216868192,0.968984337,-0.236292046,-0.199251156,-0.016548887,-0.183869043,-0.240371555,-0.193178709,0.910387147,-0.230687388,-0.197454853,0.082876031,-0.203776266,-0.261698586,-0.295462105,0.996919292,-0.236286209,-0.204409187,-0.073687953,-0.203776266
D C B Bank Ltd.,-0.313307278,0.110702625,-0.241157441,-0.170729698,-0.19556873,-0.155550324,-0.15390507,-0.254108933,0.115505146,-0.281277244,-0.157649437,-0.164277998,-0.147315736,-0.143914697,-0.218452546,0.051577581,-0.285747215,-0.149860029,-0.158611961,-0.193817101,-0.150923156,-0.148017455,-0.083417171,-0.294148477,-0.150244783,-0.174232748,-0.194506355,-0.149807811,-0.148013377,-0.14407159,-0.30801148,-0.154529229,-0.166591845,-0.151696878,-0.14281567,-0.191338002,-0.108298157,-0.33028365,-0.151106933,-0.160129278,-0.134382222,-0.133885117,-0.241716646,-0.144351885,-0.35701644,-0.152156615,-0.157699619,-0.159458815,-0.133885117
Deccan Merchants Co-Op. Bank Ltd.,-0.402458428,-0.012010127,-0.545040404,-0.299677116,-0.307050841,-0.272727173,-0.301146524,-0.357939579,-0.035642645,-0.512238225,-0.290797943,-0.285617973,-0.279029505,-0.299350763,-0.295641977,-0.073632331,-0.448587768,-0.28312053,-0.273024055,-0.289789087,-0.293561774,-0.25985462,-0.200555933,-0.448198316,-0.275654931,-0.268744217,-0.299883086,-0.289683019,-0.265241814,-0.218457113,-0.443874839,-0.274667789,-0.266786168,-0.25796185,-0.280808227,-0.243341204,-0.19509895,-0.462220839,-0.269370962,-0.267806969,-0.246611972,-0.267942043,-0.262915947,-0.220386019,-0.480327508,-0.254717444,-0.271854814,-0.258655366,-0.267942043
Dena Bank [Merged],0.31497204,0.380839109,-0.199629375,-0.086510711,0.052007774,-0.125260233,0.111258621,0.103937787,0.334265675,-0.25095992,-0.033345562,0.130028606,-0.100606699,0.1265918,0.125066214,0.126668658,-0.166083484,0.000435448,0.142463234,-0.103389668,0.128481825,0.107214522,-0.109716722,-0.16903852,-0.024883962,0.101295724,-0.10173368,0.112981838,0.07418906,-0.457985704,-0.151291787,-0.066146107,0.073302703,-0.117681183,0.056378567,0.026851004,-0.355155354,-0.126781722,-0.099410791,0.030334336,-0.115978527,-0.044635621,0.009145848,-0.490763319,0.41961344,-0.104848574,-0.025963193,-0.177250237,-0.044635621
Deutsche Bank A G,-0.210217965,0.470634898,3.902775781,0.06996325,-0.12633921,0.988240037,-0.052330569,-0.199155625,0.379785405,3.030024131,0.050421529,-0.083296581,0.45067791,-0.025007549,-0.20015171,0.361861772,3.543960532,0.076419015,-0.063475571,1.040992933,-0.020479835,-0.138785556,0.153988461,3.338972568,0.067284611,-0.077719746,1.641480305,0.002938736,-0.201268947,0.170938421,3.272449009,0.077687195,-0.075168217,0.618390333,0.005137512,-0.170344343,0.07682672,3.14874149,0.076431609,-0.058827088,0.439670467,-0.047183217,-0.225847912,-0.014542067,2.887295279,0.045067922,-0.109632085,0.580810523,-0.047183217
Dhanlaxmi Bank Ltd.,-0.204191369,-0.024568807,-0.295634588,-0.274395896,-0.256518445,-0.255060529,-0.25760266,-0.20597813,-0.030545312,-0.323591277,-0.267180164,-0.240588266,-0.25884617,-0.258152568,-0.209343161,-0.049818802,-0.315957835,-0.259059433,-0.232185303,-0.263703528,-0.255915668,-0.197254252,-0.188363883,-0.322868702,-0.253902869,-0.231720508,-0.27679462,-0.252419894,-0.224496873,-0.209884092,-0.333534841,-0.254350536,-0.23121603,-0.239888285,-0.246964895,-0.207453498,-0.186421828,-0.35530799,-0.250153874,-0.233185989,-0.231968255,-0.23866531,-0.230760395,-0.212484234,-0.380874989,-0.238354065,-0.239053471,-0.244824996,-0.23866531
Doha Bank Q S C,-0.402352232,-0.017067872,-0.244995671,-0.299892903,-0.303556497,-0.27075523,-0.298501394,-0.355803658,-0.041105378,-0.285281137,-0.291766963,-0.282790112,-0.277395484,-0.295930528,-0.295595081,-0.068379988,-0.289020339,-0.28324187,-0.269757376,-0.287697999,-0.28984558,-0.261485222,-0.199491411,-0.297313542,-0.27562497,-0.264926825,-0.2980467,-0.286455636,-0.26667221,-0.221101058,-0.310996617,-0.274975568,-0.263716802,-0.256172919,-0.278626959,-0.244356533,-0.195424227,-0.333406879,-0.269805524,-0.265704305,-0.244918782,-0.266317708,-0.239214292,-0.215639329,-0.360448177,-0.25412471,-0.270383389,-0.257106585,-0.266317708
Dombivli Nagari Sahakari Bank Ltd.,-0.36675018,0.040383807,-0.417399469,-0.285337379,-0.287003409,-0.266936572,-0.281317331,-0.326916881,0.031179916,-0.416863262,-0.275158255,-0.266614687,-0.269462531,-0.282055472,-0.267293853,-0.039125234,-0.371364142,-0.269088942,-0.25611431,-0.281361366,-0.278034316,-0.233102955,-0.171972311,-0.376000871,-0.266127169,-0.25544356,-0.294970497,-0.276362471,-0.244810633,-0.187925303,-0.380478102,-0.262856912,-0.255381424,-0.254560118,-0.271213025,-0.228653276,-0.183215266,-0.398579692,-0.261223759,-0.257854427,-0.244623131,-0.260969285,-0.250926783,-0.206377735,-0.420655198,-0.247448559,-0.263494115,-0.257033725,-0.260969285
Dresdner Bank A.G.,0,-0.017072769,-0.514334563,-0.300581144,-0.307093687,-0.270910576,-0.299652892,-0.358209161,-0.036588118,-0.489045584,-0.291473827,-0.285245319,-0.278143433,-0.297493545,3.33E-17,-0.07209949,-0.419113865,-0.283562433,-0.272787376,-0.288950589,-0.292032768,3.48E-17,-0.203122499,-0.413332671,-0.276275354,-0.26851231,-0.298540324,-0.288643476,-3.03E-17,-0.229004791,-0.413319012,-0.275327269,-0.26680887,-0.253630156,-0.279983813,0,-0.205491167,-0.432836813,-0.271310014,-0.268074049,-0.244631433,-0.26815218,6.99E-17,-0.221855399,-0.453184867,-0.256431131,-0.272196376,-0.258970119,-0.26815218
Equitas Small Finance Bank Ltd.,0.238245768,0.003192486,0.449189784,-0.24638241,-0.28127468,-0.234463711,-0.207296121,0.183194973,0.060302311,0.239894842,-0.231896012,-0.247420751,-0.233257793,-0.192098647,0.006726281,0.01478575,0.105227979,-0.211003072,-0.232622414,-0.242298973,-0.167006787,0.010469612,-0.068810138,0.119576535,-0.193761332,-0.216766788,-0.252219526,-0.148448913,-0.160438609,-0.147341395,0.106319371,-0.178547899,-0.212231,-0.197000557,-0.143809843,-0.052298907,-0.089535613,0.011585898,-0.156894765,-0.201757686,-0.178881151,-0.129690017,-0.077200725,-0.108371723,-0.028970373,-0.150525408,-0.188382074,-0.200041891,-0.129690017
Esaf Small Finance Bank Ltd.,-0.254368758,0.000822739,-0.237329103,-0.298461569,-0.295622956,-0.258398883,-0.253573964,-0.246602104,0.005359824,-0.192779995,-0.269193038,-0.267490263,-0.266549786,-0.238590034,-0.262522271,-0.004556386,-0.223978839,-0.255514316,-0.246833896,-0.27861893,-0.229257255,-0.212420068,-0.164865162,-0.224791602,-0.243251914,-0.24038737,-0.281739819,-0.212544819,-0.23786147,-0.205073901,-0.247036314,-0.2441735,-0.230020954,-0.229852715,-0.187685728,-0.201712686,-0.139668865,-0.271254614,-0.234586997,-0.22974376,-0.224500878,-0.172086545,-0.210169774,-0.160824121,-0.276418519,-0.212370784,-0.226112367,-0.238081551,-0.172086545
Excellent Co-Operative Bank Ltd.,-0.402777014,-0.011706564,-0.54494148,-0.299046315,-0.307028952,-0.272338016,-0.301278693,-0.358229898,-0.035464513,-0.512058611,-0.290404711,-0.28562589,-0.278579519,-0.29951098,-0.295911624,-0.073309054,-0.448435163,-0.282814167,-0.273107962,-0.289558463,-0.293790919,-0.261693644,-0.200631724,-0.448517818,-0.275380528,-0.268884326,-0.300102404,-0.28984597,-0.267237964,-0.218674249,-0.444275499,-0.274451731,-0.26690484,-0.258128224,-0.280924346,-0.243906124,-0.195156243,-0.462687185,-0.269190267,-0.267895567,-0.246769253,-0.267991855,-0.263401662,-0.220367757,-0.480910105,-0.254572399,-0.271999504,-0.25883356,-0.267991855
Federal Bank Ltd.,-0.366936022,0.417908025,-0.155737037,0.311351167,0.214197998,-0.068599367,0.257555006,-0.308232757,0.532271474,-0.215822957,0.322330566,0.291565805,0.001540924,0.30780413,-0.263612583,0.48667576,-0.239381466,0.323769107,0.302198586,-0.036014316,0.291014026,-0.234966499,0.346691059,-0.249872502,0.298344555,0.282489931,-0.075851631,0.276078708,-0.215017829,0.263706383,-0.259786988,0.318134191,0.259646176,0.015683296,0.297477716,-0.205468643,0.360861551,-0.282476848,0.318878482,0.290847541,0.035699639,0.308889652,-0.152744754,0.302049085,-0.287475893,0.364133788,0.313728617,0.10017278,0.308889652
Fincare Small Finance Bank Ltd. [Merged],-0.401157532,-0.008142151,-0.508864096,-0.27950958,0,-0.26223577,-0.286453321,-0.356093977,-0.080431574,-0.484906981,-0.277095818,-0.282853063,-0.266621019,-0.272890049,-0.292968953,-0.036669781,-0.419398027,-0.257525037,-0.26567589,-0.275832285,-0.248916067,-0.253368997,-0.151756728,-0.417421297,-0.245533009,-0.254272075,-0.287085289,-0.240467338,-0.256627413,-0.190152858,-0.416924951,-0.244426376,-0.251756532,-0.235609701,-0.231236724,-0.235180396,-0.193905037,-0.369097262,-0.242530883,-0.251250198,-0.220065652,-0.222863311,-0.250275065,-0.206047616,-0.39373602,-0.231509489,-0.253571478,-0.240298557,-0.222863311
Fino Payments Bank Ltd.,-0.383104292,-0.045362849,-0.501820746,-0.290776554,-0.30719079,-0.254978101,-0.286162021,-0.313811036,-0.064367668,-0.479578437,-0.285797457,-0.285761207,-0.245165909,-0.274716595,-0.215720903,-0.085350215,-0.425639064,-0.280074974,-0.272954207,-0.270409307,-0.26806146,-0.144241327,-0.194124015,-0.426921486,-0.272359164,-0.268366353,-0.27259945,-0.25771836,-0.143583418,-0.208136789,-0.408295352,-0.262437068,-0.265719535,-0.234199042,-0.246421482,-0.177734111,-0.183514668,-0.427955162,-0.256823119,-0.265760865,-0.221097894,-0.23581444,-0.216047539,-0.20849471,-0.448631831,-0.243047655,-0.268932961,-0.232002999,-0.23581444
Firstrand Bank Ltd.,-0.347927022,-0.038336842,0.108665574,-0.319262494,-0.305075443,-0.240170299,-0.296878246,-0.284115513,-0.024644099,-0.01772383,-0.307890447,-0.284100822,-0.259517673,-0.295253342,-0.269814468,-0.07319282,-0.100889378,-0.298579373,-0.271408007,-0.284990193,-0.289025385,-0.232257004,-0.199322603,-0.118836784,-0.28862425,-0.26812371,-0.294995434,-0.287004505,-0.244671863,-0.218503095,-0.153590079,-0.286130842,-0.266746794,-0.254599137,-0.280538197,-0.234081092,-0.196425931,-0.180449927,-0.279476767,3.81E-17,-0.245534529,-0.267866746,-0.247403814,-0.218186162,-0.217787702,-0.262196101,0,-0.258111211,-0.267866746
Ganesh Bank Of Kurundwad Ltd. [Merged],0,-1.39E-17,0,4.71E-17,0,0,-0.301414839,-0.35814695,-0.035820778,-0.512919261,-0.291359908,-0.28581042,-0.278986939,-0.299598554,-0.295442672,-0.073672287,-0.44908242,-0.283614067,-0.273215719,-0.28978614,-0.293828047,-0.261252279,-0.201148482,-0.449161814,-0.276096316,-0.268914457,-0.300234122,-0.289793593,-0.266746932,-0.219034438,-0.444918316,-0.27509151,-0.266909508,-0.258366676,-0.280820113,-0.243967196,-0.195525876,-0.463440182,-0.269782065,-0.267866672,-0.246893786,-0.2678825,-0.263334031,-0.220577066,-0.481512654,-0.255043902,-0.271888759,-0.25892682,-0.2678825
Global Trust Bank Ltd. [Merged],-0.354245656,0.015711997,-0.443040429,-0.295960614,-0.296758148,-0.265165945,-0.279994324,-0.281751484,0.000723809,-0.435109037,-0.28483511,-0.271905115,-0.260237824,-0.276188003,-0.235334803,-0.04797358,-0.394370731,-0.275739424,-0.257914122,-0.26564799,-0.263685585,-0.179636404,-0.16375241,-0.388591242,-0.261367672,-0.24933576,-0.276646917,-0.253108436,-0.222735564,-0.19853429,-0.391498453,-0.260162478,-0.244752357,-0.245907568,-0.25407314,-0.212262954,-0.225427294,-0.41163308,-0.262307372,-0.25128449,-0.24164725,-0.252039957,-0.244317372,-0.275551012,-0.433408489,-0.25774389,-0.256152209,-0.253183421,-0.252039957
Greater Bombay Co-Op. Bank Ltd.,-0.396962809,-0.001630243,-0.519894061,-0.291982787,-0.297818407,-0.268158733,-0.292446415,-0.352838253,-0.034254124,-0.49240586,-0.284045308,-0.277645399,-0.276691838,-0.291002968,-0.292230354,-0.066142475,-0.433821874,-0.276547069,-0.265782702,-0.28201787,-0.286648806,-0.257758133,-0.198034152,-0.432258167,-0.269928993,-0.263196022,-0.284041057,-0.28360726,-0.264900227,-0.214362193,-0.429279368,-0.269296361,-0.261974289,-0.253447523,-0.275879116,-0.241211302,-0.192352581,-0.448962089,-0.264301442,-0.263379725,-0.240744615,-0.264407937,-0.260831677,-0.220394447,-0.468651623,-0.250801464,-0.268176332,-0.257690292,-0.264407937
Gujarat State Co-Op. Bank Ltd.,0,-0.01060003,-0.538768657,-0.295872126,-0.304613868,-0.249045627,-0.296998479,-0.358229898,-0.033180761,-0.507283876,-0.285697361,-0.28294858,-0.254813672,-0.294708929,3.33E-17,-0.073058424,-0.444877877,-0.278383525,-0.26912312,-0.277640436,-0.289138644,3.48E-17,-0.200173531,-0.444928414,-0.271312704,-0.266089811,-0.292062459,-0.284475485,-3.03E-17,-0.21575186,-0.440907313,-0.270633082,-0.264039418,-0.249171648,-0.27498948,0,-0.193287751,-0.459409933,-0.265661265,-0.263500703,-0.237988281,-0.260944727,6.99E-17,-0.21916809,-0.477649955,-0.251752045,-0.266823935,-0.250350649,-0.260944727
H D F C Bank Ltd.,-0.288484073,8.549411294,-0.032488304,5.173552082,3.366089549,3.354241953,4.785207615,-0.210187761,9.591583716,-0.10532301,6.79449147,3.664571527,4.508070431,5.203253457,2.504268631,9.463802579,-0.160552852,7.04992211,4.063711718,4.675759128,5.155741069,-0.200086348,10.51863977,-0.173965839,7.147266743,3.996631025,4.341771253,5.323088429,-0.143391276,9.222856334,-0.200771093,7.460824776,4.253622759,4.315874177,5.519281904,-0.142854101,7.95645949,-0.224834012,7.539928865,4.665798048,4.167986329,6.760102715,0.093795493,8.322069836,-0.178689849,9.259003137,5.249459961,5.379714663,6.760102715
H S B C Bank Oman S A O G,0,-0.01095745,-0.389117253,-0.307415949,-0.306504645,-0.272269061,-0.300956008,5.89E-17,-0.031851618,-0.394314237,-0.297731227,-0.285230341,-0.278272,-0.299217989,-0.295923348,-0.069531435,-0.365686166,-0.288973695,-0.27277169,-0.289358786,-0.293441389,-0.261705904,-0.19537457,-0.370045155,-0.27853818,-0.268646316,-0.299617091,-0.289544074,-0.26720594,-0.212706854,-0.375141839,-0.276606826,-0.266745547,-0.258171579,-0.2807427,-0.244432874,-0.195967586,-0.395738837,-0.271279573,-0.267856481,-0.24684305,-0.267937178,6.99E-17,-0.220717542,-0.418584185,-0.256298427,-0.27192818,-0.258948053,-0.267937178
Hongkong & Shanghai Banking Corpn. Ltd.,-0.34582966,1.129595964,3.904813604,0.527028876,0.097915477,0.924224806,0.15916801,-0.223459503,1.020437001,2.854197123,0.52477092,0.108469332,0.571134218,0.187397729,-0.269345517,0.858208233,1.918480819,0.515808237,0.11442598,0.931084776,0.224180289,-0.23425541,0.755729332,1.796906615,0.504329265,0.129786896,1.939385386,0.234339149,-0.240263254,0.708729485,1.535988655,0.531055846,0.212011564,0.8757102,0.214393866,-0.225859211,0.394235666,1.461367599,0.517029617,0.217746215,0.494984409,0.176970241,-0.248024791,0.264447828,2.963236414,0.333020053,0.16364904,0.719274934,0.176970241
Hooseini Co-Operative Credit Socy. Ltd.,0,-1.39E-17,0,4.71E-17,0,0,-4.02E-17,5.89E-17,0,0,0,0,3.95E-17,-3.67E-17,3.33E-17,-1.03E-17,5.98E-17,0,0,3.35E-17,-0.294078193,-0.261730425,-0.201058911,-0.448862281,-0.276118239,-0.269097062,-0.300460473,-0.290138773,-0.267269988,-0.218932257,-0.444649741,-0.275134463,-0.267145839,-0.258445798,-0.281211748,-0.244432874,-0.19548152,-0.463264768,-0.269824236,-0.268142973,-0.247030772,-0.2682525,-0.2634447,-0.220560209,-0.481552558,-0.255082219,-0.272192849,-0.259082114,-0.2682525
I C I C I Bank Ltd.,-0.191713394,3.305949198,0.726046859,5.075083915,2.305200585,2.120404018,3.118544864,-0.168381773,1.50031251,0.45207869,4.812452173,2.508172986,3.008972595,3.378837487,-0.198252456,2.807016557,0.232243084,4.673542497,2.640563028,3.246376155,3.380680714,-0.065996996,5.377291323,0.241451535,5.062976158,2.710444767,3.457353036,3.502677116,0.137318633,5.74310107,0.16705238,5.186675258,2.819445171,3.479956379,3.646663453,-0.133853547,5.69944667,0.134037883,5.296671166,2.825305323,3.596187229,3.563446011,-0.150685077,5.523221148,0.0786824,4.875386225,3.005879623,3.709561811,3.563446011
I D B I Bank Ltd.,-0.166969835,-4.045819137,2.504740048,0.637881244,0.847293748,1.134626689,0.790352915,0.207747696,-6.940244743,5.276828957,1.132597702,0.687061434,0.590680798,0.676875548,0.022330645,-4.754810728,5.013435364,0.733602494,0.567277842,0.205955161,0.598117759,3.62E-05,0.267165408,4.918654878,0.67591194,0.468473412,0.612054709,0.508166936,-0.068754485,0.404065345,4.289196356,0.723001413,0.408773636,0.419271679,0.452279172,-0.122662018,0.478127451,4.136747305,0.695436101,0.401148171,0.539626781,0.414311146,-0.222060566,0.570848839,3.808792321,0.591920459,0.372020442,0.513991003,0.414311146
I D B I Bank Ltd. [Merged],-0.401635412,-0.002575204,-0.446997367,-0.298809829,-0.298778489,-0.267318596,-0.287316171,-0.355720709,-0.021821383,-0.408166957,-0.287718814,-0.274190642,-0.271258999,-0.280630475,-0.290612471,-0.051558686,-0.375426605,-0.278608564,-0.26036569,-0.280255402,-0.271808782,-0.253994265,-0.194506416,-0.379285749,-0.271549838,-0.257875453,-0.286786685,-0.267681309,-0.253766621,-0.205663999,-0.383291527,-0.270050144,-0.252000111,-0.249116913,-0.258243973,-0.235516294,-0.182403923,-0.403623922,-0.263948431,-0.252360617,-0.231798982,-0.246777026,-0.251787544,-0.202000497,-0.396337755,-0.246423291,-0.248896292,-0.236145574,-0.246777026
I D F C First Bank Ltd.,-0.396617673,0.408336009,2.821502844,0.313248746,-0.082904807,0.185076678,0.262313942,-0.339089557,-0.923880278,3.065625096,0.346237192,0.015646803,0.464706518,0.411844656,-0.26969723,-1.11408671,2.081994941,0.169452618,-0.027315749,0.546502749,0.419538307,-0.255085419,-0.045363094,2.384330833,0.167055007,0.014234227,0.394009414,0.464756398,-0.207908547,-0.181888935,2.292637229,0.202271265,0.039099605,0.314961471,0.559956461,-0.207003089,0.254876833,2.367938416,0.263582121,0.110745302,0.323547903,0.573297721,-0.206093459,0.194712646,2.339338755,0.288018866,0.193174369,0.258908745,0.573297721
I N G Bank N V,0,-0.007128644,-0.478732011,-0.299228466,-0.306925656,-0.271270408,-0.298092955,5.89E-17,-0.03577967,-0.462110988,-0.290599182,-0.285140044,-0.277101864,-0.296715871,3.33E-17,-0.078416105,-0.413356955,-0.285384689,-0.273174861,-0.287611054,-0.293193493,-0.261718165,-0.205802751,-0.415269651,-0.277979507,-0.268553528,-0.298235326,-0.288735136,-3.03E-17,-0.219665409,-0.41502732,-0.275633109,-0.266521539,-0.256781513,-0.280245004,0,-0.201016766,-0.43449683,-0.271092733,-0.268132102,-0.24559449,-0.268196664,-0.262534753,-0.220631852,-0.454733139,-0.256074149,0,-0.257865987,-0.268196664
I N G Vysya Bank Ltd. [Merged],-0.231297778,0.064443595,-0.444553958,-0.225923018,-0.212098485,-0.130246364,-0.181071583,-0.323204941,0.050349723,-0.436156785,-0.215121908,-0.17945139,-0.097966725,-0.188085974,-0.278220425,0.01426996,-0.385966906,-0.188619226,-0.175637702,-0.141685771,-0.170406829,-0.254460151,-0.091399364,-0.388775954,-0.184764107,-0.172665889,-0.169500298,-0.126944424,-0.252389598,-0.102787739,-0.378835836,-0.151563834,-0.1651313,-0.144009516,-0.112323634,-0.217309067,-0.082259398,-0.39730473,-0.145037306,-0.159880169,-0.137994607,-0.129031803,-0.246543053,-0.128194315,-0.406561137,-0.106170209,-0.176577678,-0.156817144,-0.129031803
India Post Payments Bank Ltd.,0,-0.011305078,-0.27388132,-0.29874204,-0.307372374,-0.27202019,-0.299870373,-0.358229898,-0.036323203,-0.213585268,-0.272333654,-0.285959516,-0.27825202,-0.297953612,-0.295278539,-0.133681946,-0.080740195,-0.289162159,-0.273040269,-0.273921717,-0.292154278,-0.260099824,-0.316244325,0.067517694,-0.293074997,-0.266410289,-0.286658803,-0.282488788,-0.265989036,-0.300937961,0.10762702,-0.301418356,-0.260509308,-0.24218772,-0.267228104,-0.243532055,-0.225044725,0.158950985,-0.29735442,-0.258492275,-0.23153654,-0.250664913,-0.260370555,-0.217774566,0.178573862,-0.275995876,-0.257610618,-0.241005501,-0.250664913
Indian Bank,2.690619196,0.604031097,-0.070791466,0.629718083,0.662694472,0.219525445,0.579425886,2.125555919,0.111175153,-0.153496946,0.609860225,0.749987463,0.282270326,0.624054607,1.906437427,0.199932675,-0.128731982,0.640517687,0.710153794,0.175887839,1.301644394,3.134382495,0.833952752,0.114629248,1.086016804,1.450098057,1.119598759,1.263027917,1.77940275,0.788663461,0.103417889,1.096140002,1.453960268,0.669999979,1.187734969,1.257109957,0.780599549,0.069292909,1.03507744,1.359115162,0.642633696,1.105981589,1.234032607,0.912044393,0.055653853,0.979680608,1.324113294,0.702625948,1.105981589
Indian Overseas Bank,4.050983965,-3.096730519,4.292197855,0.133723362,0.702455741,0.41142134,0.5765036,3.523360694,-1.743153192,6.328587889,0.052654613,0.666358949,0.152424258,0.48459336,1.396124313,-3.171141983,8.200468887,-0.295887941,0.569272569,0.903682524,0.474745295,2.418180822,0.085269948,7.7565257,-0.257676193,0.498624902,0.537505227,0.422747678,2.104551011,0.217653214,7.877529153,-0.142898562,0.492927359,0.345638298,0.372034292,1.577351048,0.192346108,7.623644695,-0.092292741,0.415276935,0.065850964,0.347925142,1.647117711,0.15244477,7.060965111,-0.059470922,0.391158089,0.065596646,0.347925142
Indusind Bank Ltd.,-0.256837804,1.753162604,0.047837541,0.902597949,0.398840539,0.349767209,0.927628718,-0.150630818,1.471902645,-0.061893874,0.951848527,0.547963022,0.497822165,1.134813351,-0.069325942,1.531016728,0.27044181,1.150778692,0.490233081,0.414248383,1.031406699,-0.002268692,0.775975921,-0.063093686,1.28001581,0.549481681,0.471895978,1.07944464,0.335588621,0.958872172,-0.10385981,1.240152869,0.584323588,0.460830581,1.055879648,0.325243422,1.17019402,-0.131594918,1.233882653,0.613209258,0.570857854,0.99144542,0.207760181,1.036624283,-0.171255751,1.087438136,0.620600708,0.562494931,0.99144542
Industrial & Commercial Bank Of China Ltd.,0,-0.007221671,-0.095373945,-0.293660957,-0.304477458,-0.270533307,-0.293157648,5.89E-17,-0.027453113,-0.172086981,-0.28460203,-0.280252056,-0.274374151,-0.288562999,3.33E-17,-0.060428826,-0.209428697,-0.276043205,-0.268290737,-0.282333228,-0.283992078,3.48E-17,-0.190241438,-0.221806257,-0.26852409,-0.26237211,-0.295687915,-0.280360599,-0.266907051,-0.204874647,-0.244403406,-0.266641328,-0.25964517,-0.255625564,-0.275420431,-0.227866969,-0.185505139,-0.268696133,-0.260972685,-0.263124984,-0.24504885,-0.262599645,6.99E-17,-0.218526114,-0.30009351,-0.247905124,-0.266436037,-0.25473137,-0.262599645
Industrial Bank Of Korea,0,-1.39E-17,0,4.71E-17,0,0,-4.02E-17,5.89E-17,0,0,0,0,3.95E-17,-0.299052527,3.33E-17,-0.072023211,-0.334133671,-0.283534464,-0.27333557,-0.289678565,-0.293317253,3.48E-17,-0.199567202,-0.340111821,-0.275874162,-0.268959253,-0.300081303,-0.289230174,-3.03E-17,-0.217557917,-0.348742309,-0.274741101,-0.266875701,-0.257946134,-0.28011517,-0.244287827,-0.193472567,-0.295585854,-0.26918133,-0.267873667,-0.246090316,-0.267103116,6.99E-17,-0.217701519,-0.325173119,-0.254140947,-0.271732839,-0.258231533,-0.267103116
"J P Morgan Chase Bank, National Association",-0.40240533,0.385862581,2.528125553,-0.12107025,-0.24553481,-0.128674674,-0.186398974,-0.358271372,0.362045225,1.812683665,-0.13785769,-0.222292758,-0.080258311,-0.193628168,-0.293906856,0.181672972,1.186148255,-0.114892933,-0.210489742,-0.089331923,-0.189086057,-0.261718165,0.126893103,1.102154717,-0.117766497,-0.216108291,0.843524424,-0.190932302,-0.267259313,0.047286122,1.494641426,-0.101509626,-0.222240754,0.299470231,-0.17362071,-0.244409972,0.04795288,1.825899812,-0.082894636,-0.20597551,0.287733087,-0.185674573,-0.244464931,-0.040069397,2.139986793,-0.08236714,-0.20634705,1.10349519,-0.185674573
J S C Vtb Bank,-0.402007097,-0.010903592,-0.436541158,-0.299894973,-0.307257807,-0.272401422,-0.300854782,-0.357939579,-0.035788805,-0.430192107,-0.29123884,-0.285924724,-0.278900938,-0.299408473,-0.295946795,-0.076145901,-0.390913428,-0.283896764,-0.273396535,-0.289671933,-0.293781543,-0.260234685,-0.201365521,-0.393977845,-0.276372912,-0.26914074,-0.299290352,-0.290111857,-0.267291337,-0.224812798,-0.396249135,-0.27609946,-0.267176891,-0.258372095,-0.281250759,0,-0.197525587,-0.41624947,-0.270968174,-0.268163433,-0.247003098,-0.268021047,6.99E-17,-0.219014971,-0.437714121,-0.255728424,-0.272210274,-0.25902341,-0.268021047
Jain Sahakari Bank Ltd.,-0.395874305,-0.01145686,-0.540608633,-0.299154467,-0.306568262,-0.270087084,-0.300841963,-0.355513338,-0.03554216,-0.508885433,-0.290527209,-0.285250026,-0.277263442,-0.299128397,-0.29444615,-0.073167394,-0.44633026,-0.282947125,-0.272765718,-0.287972832,-0.293548273,-0.26059023,-0.201158817,-0.446570853,-0.275579297,-0.268635133,-0.299019882,-0.289694294,-0.265167092,-0.218881166,-0.442672859,-0.274645828,-0.266722062,-0.257151113,-0.280853638,-0.244112244,-0.195697755,-0.461373717,-0.269409503,-0.267773358,-0.24609539,-0.268001818,-0.263204917,-0.220644495,-0.479800776,-0.254795594,-0.271905998,-0.258141188,-0.268001818
Jammu & Kashmir Bank Ltd.,0.244511304,0.086863165,-0.490820458,0.015858179,0.06523278,-0.122983939,0.058266284,0.414538029,0.176458466,-0.471256328,0.021775618,0.097640567,-0.060496294,0.054909725,-0.001386581,-0.487583108,-0.411546739,-0.011722249,0.096202822,-0.0931899,0.02817084,0.042983552,-0.052308325,-0.413552329,-0.029441767,0.076133813,-0.083725329,0.014298411,0.207877728,-0.090929584,-0.403852869,-0.019451949,0.065414616,0.034937197,0.011713622,0.170554509,0.025750906,-0.419419761,0.00488441,0.051540843,0.264412638,-0.00018035,0.025986012,0.027652761,-0.437889698,0.007329125,0.040499419,-0.066289606,-0.00018035
Jana Small Finance Bank Ltd.,-0.400573457,-1.238295508,-0.507053797,-0.223007566,-0.307371396,-0.228687376,-0.24184062,-0.35721378,-0.92610922,-0.365388921,-0.26868827,-0.267996522,-0.236829012,-0.209017813,-0.295923348,-0.062768044,-0.343474178,-0.247489504,-0.236917827,-0.249432105,-0.1936652,-0.260651531,-0.172130784,-0.348968014,-0.242391434,-0.229566853,-0.251711195,-0.182075094,-0.253126145,-0.217672871,-0.356253583,-0.242973713,-0.227929238,-0.207436076,-0.178043896,-0.205361766,-0.148236946,-0.324516371,-0.22881285,-0.225373023,-0.190088213,-0.163824466,-0.229881189,-0.126552149,-0.440100375,-0.179995596,-0.21983972,-0.202891733,-0.163824466
Janakalyan Sahakari Bank Ltd.,-0.376201582,-0.002820013,-0.489603699,-0.288367192,-0.296898936,-0.269796999,-0.292155115,-0.337161007,-0.033486784,-0.471623039,-0.283510512,-0.276392847,-0.276211448,-0.290884319,-0.284047149,-0.067348407,-0.421034589,-0.276178315,-0.26509281,-0.287179279,-0.286602677,-0.250303957,-0.197727542,-0.423971086,-0.269915839,-0.26237326,-0.297643871,-0.283536696,-0.259264039,-0.218733003,-0.422882017,-0.269487552,-0.260863615,-0.256398906,-0.275507901,-0.240745624,-0.195285614,-0.443823735,-0.263826384,-0.262583645,-0.229015436,-0.264684105,-0.259970917,-0.220307352,-0.464729069,-0.250567228,-0.267569056,-0.239242304,-0.264684105
Janaseva Sahakari Bank (Borivli) Ltd.,-0.401263728,-0.011207155,-0.531408751,-0.297201518,-0.304194766,-0.268617638,-0.298653454,-0.35735894,-0.036766251,-0.502060106,-0.288853707,-0.283265944,-0.273536726,-0.296885773,-0.295501291,-0.0719433,-0.44085225,-0.281282353,-0.270938882,-0.283898229,-0.291627358,-0.2613994,-0.200666174,-0.441373955,-0.274117394,-0.267145726,-0.294786347,-0.288241554,-0.267131218,-0.219302665,-0.438041053,-0.273419559,-0.265452732,-0.252569587,-0.279719878,-0.244333631,-0.197893371,-0.456727378,-0.268715488,-0.266666999,-0.241775934,-0.267152696,-0.263118841,-0.220815876,-0.475207836,-0.254044178,-0.270902495,-0.253381598,-0.267152696
Janata Sahakari Bank Ltd.,-0.352095196,0.047326578,-0.340753576,-0.266396257,-0.267915965,-0.266553755,-0.262972045,-0.317170446,-0.024758287,-0.351221877,-0.262938497,-0.249397429,-0.274087481,-0.26624208,-0.264691172,-0.037614186,-0.333254874,-0.253882246,-0.240464499,-0.283462033,-0.26275813,-0.229976614,-0.185411471,-0.338519303,-0.247854296,-0.240690594,-0.296258269,-0.259223842,-0.239814921,-0.218423904,-0.343546938,-0.250970463,-0.240092843,-0.255139447,-0.259116542,-0.220347422,-0.178025626,-0.358585242,-0.246279401,-0.24461283,-0.244838989,-0.251721855,-0.241728943,-0.19953514,-0.384083263,-0.233584055,-0.250942115,-0.256944213,-0.251721855
K B C Bank N V.,0,-1.39E-17,0,4.71E-17,0,0,-4.02E-17,5.89E-17,0,0,0,0,3.95E-17,-3.67E-17,3.33E-17,-1.03E-17,5.98E-17,0,0,3.35E-17,-0.294135198,-0.261742685,-0.201362075,-0.419842522,-0.276250873,0,-0.300477098,-0.28924145,-0.267291337,-0.218566958,-0.419060337,-0.275201961,-0.266549373,-0.258346624,-0.279435219,-0.244432874,-0.195305944,-0.438415842,-0.269856074,-0.267483119,-0.24634215,-0.267775694,-0.263450848,-0.222483328,-0.458388337,-0.255400884,-0.271864907,-0.258527967,-0.267775694
Kalupur Commercial Co-Op. Bank Ltd.,-0.401476119,-0.009204621,-0.540262401,-0.296561402,-0.305828,-0.270068062,-0.299379273,-0.356985672,-0.029851052,-0.507470973,-0.286949032,-0.284385278,-0.275812715,-0.297119438,-0.295044063,-0.06964767,-0.444462158,-0.27828542,-0.271814844,-0.287103387,-0.290672151,-0.260406328,-0.193135284,-0.444813593,-0.270234454,-0.267128696,-0.297393222,-0.285189489,-0.265914314,-0.214277893,-0.441008579,-0.269147801,-0.264102219,-0.253336426,-0.276647451,-0.24211212,-0.187580626,-0.458674049,-0.257776307,-0.266248027,-0.245831564,-0.265209564,-0.261132943,-0.214821757,-0.4768838,-0.244382063,-0.270190855,-0.257952586,-0.265209564
Kalyan Janata Sahakari Bank Ltd.,-0.375325469,-0.007745561,-0.476565588,-0.292424193,-0.294927543,-0.269471248,-0.289887482,-0.334382236,-0.024415724,-0.45587689,-0.282394208,-0.273922192,-0.275421801,-0.28845686,-0.282886494,-0.06274625,-0.390771347,-0.27550707,-0.26189526,-0.287756207,-0.28343928,-0.247251178,-0.194089564,-0.393318872,-0.269043301,-0.259144263,-0.298129823,-0.280048882,-0.256477969,-0.211996693,-0.397275001,-0.26832878,-0.257934406,-0.255692764,-0.27339155,-0.236615599,-0.190901773,-0.419163058,-0.263981665,-0.259764096,-0.244552101,-0.262543345,-0.255052285,-0.215430019,-0.438915228,-0.249928167,-0.264518036,-0.256064904,-0.262543345
Kapol Co-Op. Bank Ltd.,-0.395449523,-0.024162425,-0.528777388,-0.298163503,-0.30504736,-0.267882122,-0.30069565,-0.356923461,-0.050212978,-0.501289263,-0.292707385,-0.284186668,-0.270248703,-0.299215568,-0.295524739,-0.081874079,-0.440904872,-0.286101543,-0.271893271,-0.280997378,-0.29357715,-0.261448441,-0.208589801,-0.441403909,-0.279181621,-0.267889247,-0.287199744,-0.289786682,-0.267109869,-0.225367132,-0.438076276,-0.278600765,-0.266036382,-0.245138561,-0.280812798,-0.244303095,-0.199885691,-0.456894236,-0.273025641,-0.26767318,-0.23392112,-0.268099125,-0.263395514,-0.22176409,-0.475622837,-0.257860792,-0.271818989,-0.245004438,-0.268099125
Karad Urban Co-Op. Bank Ltd.,-0.400892044,-0.012215766,-0.535405259,-0.298435177,-0.305474192,-0.271982939,-0.287088524,-0.343817615,-0.030919848,-0.444059795,-0.279892297,-0.273721999,-0.277662174,-0.287606543,-0.285852612,-0.061573009,-0.398233228,-0.27405572,-0.262990893,-0.288243244,-0.282884233,-0.250978266,-0.189865927,-0.400148225,-0.272772049,-0.260342556,-0.298073555,-0.278962782,-0.262498442,-0.205623126,-0.401457715,-0.271592911,-0.259114666,-0.249190074,-0.273052336,-0.242799186,-0.188726486,-0.421452,-0.261425401,-0.260647307,-0.234884638,-0.261870535,-0.262276525,-0.213209091,-0.441712493,-0.24663393,-0.265232252,-0.248407594,-0.261870535
Karnataka Bank Ltd.,0.563867819,0.14703222,-0.266343353,-0.034749799,-0.014569283,-0.171752277,-0.013419661,0.445643675,0.182103899,-0.301431417,-0.029122007,0.006972784,-0.150354443,-0.004819889,0.21009886,0.083124333,-0.285505152,-0.040231201,-0.002078656,-0.179989979,-0.022871416,0.350468325,-0.034928022,-0.293978741,-0.044889488,-0.027410495,-0.201163256,-0.045987051,0.339356754,-0.089126082,-0.307927825,-0.056166076,-0.03410316,-0.161540061,-0.043146625,0.200426577,0.022583156,-0.329919986,-0.049270527,-0.039284049,-0.158757053,-0.058940711,0.094053721,-0.03710535,-0.331294379,-0.028484262,-0.044692895,-0.143408108,-0.058940711
Karur Vysya Bank Ltd.,-0.037703323,0.15685394,-0.402155365,0.016549007,-0.042424931,-0.163820913,-0.010623797,0.044526004,0.060439336,-0.393303909,0.007121155,-0.029762706,-0.153951722,-0.016320354,-0.141720343,0.011654685,-0.364975762,-0.00663241,-0.050117715,-0.185452009,-0.049091041,-0.112646898,-0.07736421,-0.369371206,-0.027774518,-0.066955561,-0.181763548,-0.055227267,-0.110823076,-0.047065652,-0.374485813,-0.03508858,-0.068608433,-0.114855529,-0.05463295,0.020438396,0.008879032,-0.394925942,-0.034673874,-0.067394743,-0.084427819,-0.038571991,0.017624339,0.004831002,-0.417638463,-0.041300984,-0.065447679,-0.094473686,-0.038571991
Kokan Mercantile Co-Op. Bank Ltd.,-0.402830112,-0.006252229,-0.533248728,-0.29421362,-0.304737144,-0.271467761,-0.298626932,-0.358250635,-0.03440942,-0.501865524,-0.286017667,-0.28364061,-0.277308614,-0.297153338,-0.295935071,-0.072128548,-0.440568088,-0.278818112,-0.2711629,-0.288696387,-0.291679863,-0.261705904,-0.199501746,-0.44088971,-0.271864799,-0.267233945,-0.297305623,-0.287697776,-0.267280662,-0.219698618,-0.437900162,-0.271470511,-0.265271432,-0.255819035,-0.279433391,-0.244432874,-0.195926927,-0.456581913,-0.266701309,-0.266319414,-0.24441327,-0.266698132,-0.263450848,-0.220591114,-0.474888605,-0.252663443,-0.270494598,-0.256584496,-0.266698132
Kotak Mahindra Bank Ltd.,0.233254578,1.987351395,0.396641645,1.590299922,0.589804812,0.492105354,0.948646982,-0.082281346,2.18636508,0.575503352,1.684107879,0.680679233,0.688812429,0.991947608,-0.084977201,2.086497459,0.317360096,1.762752145,0.719960406,0.477760599,0.90226624,0.102138817,2.198249664,0.295122862,1.997856163,0.625831074,0.721953349,0.928646962,0.164229296,1.970869354,0.212120023,2.017604809,0.636520874,0.786891773,0.990057592,0.018239787,1.826215878,0.175328687,2.020931444,0.683045473,0.667573538,1.033519676,-0.146405868,1.715377058,-0.085206956,1.817119021,0.769469122,0.836560173,1.033519676
Krishna Bhima Samruddhi Local Area Bank Ltd.,-0.387617602,-0.011216947,-0.532645295,-0.29898577,-0.30645635,-0.272395874,-0.30028058,-0.347135551,-0.034861602,-0.502898304,-0.29027697,-0.285186776,-0.277874136,-0.29856421,-0.289053207,-0.072942189,-0.442036258,-0.282647217,-0.27257224,-0.288652914,-0.29275808,-0.251211209,-0.200256213,-0.442477235,-0.275197105,-0.268351208,-0.299101726,-0.288592918,-0.256958326,-0.217228382,-0.43902289,-0.274116501,-0.266245458,-0.257070907,-0.279626313,-0.235867461,-0.193378311,-0.457814091,-0.268645947,-0.267192933,-0.245360644,-0.266744238,-0.255691707,-0.218357543,-0.476480771,-0.25382423,-0.271163754,-0.257775642,-0.266744238
Krung Thai Bank Public Co. Ltd.,0,-0.010526587,-0.510466656,-0.29940182,-0.306518942,-0.272485436,-0.300689462,-0.358271372,-0.033527892,-0.486119375,-0.290524349,-0.285058521,-0.278708955,-0.298816036,-0.295923348,-0.071151453,-0.430238277,-0.282660125,-0.272331819,-0.289487729,-0.293115486,-0.261718165,-0.199098674,-0.431284684,-0.275056432,-0.268075623,-0.29993296,-0.289150517,-3.03E-17,-0.217289691,-0.429151685,-0.273985057,-0.26610762,-0.25802363,-0.280388248,0,-0.19443546,-0.448221926,-0.268672758,-0.267113713,-0.246654405,-0.267505087,6.99E-17,-0.219548781,-0.467534314,-0.254598377,-0.271161411,-0.258726977,-0.267505087
Kurla Nagarik Sahakari Bank Ltd.,-0.402325683,-0.011055373,-0.540677879,-0.298408269,-0.306354077,-0.272691507,-0.297807401,-0.358250635,-0.031938401,-0.501019842,-0.287333685,-0.282802095,-0.274850198,-0.296142805,3.33E-17,-0.069800227,-0.440504941,-0.279678252,-0.270245777,-0.286617087,-0.29106781,3.48E-17,-0.201048575,-0.440999539,-0.272998587,-0.266623025,-0.297457163,-0.28738133,-3.03E-17,-0.217039346,-0.437816507,-0.272148398,-0.264906572,-0.255220738,-0.278620558,-0.244409972,-0.194320874,-0.456449283,-0.267115205,-0.266337648,-0.242981599,-0.266556805,6.99E-17,-0.220452042,-0.475080144,-0.253014364,-0.270526942,-0.254337097,-0.266556805
Lakshmi Vilas Bank Ltd. [Merged],-0.178359306,0.016818532,-0.449411099,-0.2506138,-0.220875864,-0.229451425,-0.19529181,-0.158635337,0.024547902,-0.378852477,-0.225766353,-0.191969896,-0.217647285,-0.187314353,-0.19690422,-0.008243197,-0.354661737,-0.215590769,-0.177279337,-0.234504178,-0.168605924,-0.148961488,-0.112958518,-0.353600792,-0.205168266,-0.171518464,-0.250489282,-0.172242724,-0.112146727,-0.368462002,-0.33222279,-0.208340078,-0.170599371,-0.216236574,-0.190761508,-0.138433981,-0.360788553,-0.326689797,-0.226009142,-0.191459682,-0.203098239,-0.212720654,-0.164703176,-0.338050266,-0.347475415,-0.235835706,-0.222457065,-0.217761702,-0.212720654
M U F G Bank Ltd.,-0.284076958,0.076595893,2.303608878,-0.26368262,-0.284887317,-0.226289025,-0.243321433,-0.190674153,0.060914357,1.746959958,-0.254398918,-0.259819219,-0.221060401,-0.240258382,-0.26644974,-0.004923251,0.7124609,-0.207248837,-0.241773906,-0.249451263,-0.235114883,-0.128290861,-0.018098928,0.65277529,-0.19184891,-0.232950402,-0.274926903,-0.232865001,-0.26455864,-0.139090245,0.526928696,-0.190552227,-0.23606447,-0.142922935,-0.223807856,-0.191360904,-0.124417829,0.480831864,-0.185942845,-0.226464109,-0.106768146,-0.219934827,-0.250373437,-0.158100288,0.398979128,-0.180434193,-0.226768531,-0.00158384,-0.219934827
Madhya Pradesh Rajya Sahakari Bank Maryadit,-0.400679652,-0.007001343,-0.518637733,-0.296296972,-0.30521297,-0.270318518,-0.297100147,-0.358022527,-0.031901861,-0.488948293,-0.287701655,-0.283792531,-0.276594544,-0.295719866,-0.295911624,-0.071155085,-0.431616988,-0.279990208,-0.271277308,-0.287236751,-0.28973082,-0.261693644,-0.198361433,-0.430605743,-0.272901029,-0.267149784,-0.297780705,-0.285173849,-0.267184591,-0.216691929,-0.424801662,-0.271860643,-0.265218344,-0.256378313,-0.276517312,-0.24438707,-0.194246947,-0.44122247,-0.266776157,-0.266001407,-0.244398971,-0.26411393,-0.26340781,-0.220561614,-0.459705166,-0.252490256,-0.269805603,-0.25527844,-0.26411393
Madhyanchal Gramin Bank,0,-1.39E-17,0,4.71E-17,0,0,-0.277549435,-0.354497221,-0.080596004,-0.435790073,-0.292367537,-0.256619174,-0.24303673,-0.27860053,-0.289733187,-0.113148407,-0.326934903,-0.28929899,-0.244895486,-0.267747921,-0.270174392,-0.257353548,-0.331474914,-0.304707016,-0.29473713,-0.243031391,-0.259536298,-0.262698562,-0.263790069,-0.241241017,-0.309160625,-0.294408564,-0.240908793,-0.213305242,-0.254977405,-0.236043044,-0.189502714,-0.088870851,-0.285583259,-0.242838443,-0.201198416,-0.246877113,-0.260548856,-0.210077877,-0.132373379,-0.265679979,-0.248041794,-0.212560377,-0.246877113
Mahanagar Co-Op. Bank Ltd.,-0.398555742,-0.009513079,-0.531913261,-0.296081703,-0.304807701,-0.268155562,-0.289317258,-0.338094177,-0.015486257,-0.457613158,-0.279344631,-0.275388032,-0.261270706,-0.288959302,-0.280037613,-0.058471002,-0.409494459,-0.271385372,-0.263946454,-0.274160446,-0.283687927,-0.244517162,-0.185159982,-0.411640309,-0.264590362,-0.260693612,-0.286084612,-0.280278396,-0.259189317,-0.20513521,-0.411962932,-0.2632858,-0.259349605,-0.246107542,-0.273158397,-0.238539381,-0.188207153,-0.432708461,-0.258693747,-0.260548465,-0.235681189,-0.262240303,-0.260764046,-0.215986305,-0.453679676,-0.245879266,-0.265412928,-0.249236942,-0.262240303
Malad Sahakari Bank Ltd.,-0.402272585,-0.011099439,-0.543150966,-0.299192243,-0.306734198,-0.272697055,-0.299810698,5.89E-17,-0.033692322,-0.506917164,-0.289817484,-0.284338546,-0.27844574,-0.298261938,3.33E-17,-0.072756941,-0.444672649,-0.28228922,-0.271936132,-0.289272578,-0.292655321,3.48E-17,-0.200170086,-0.444768663,-0.274886528,-0.267914873,-0.299339587,-0.288769327,-3.03E-17,-0.218030506,-0.44102619,-0.273920789,-0.2660151,-0.257287681,-0.280156924,-0.241050986,-0.194701595,-0.459824937,-0.268663821,-0.26708432,-0.246135517,-0.267462921,-0.260887012,-0.22031578,-0.47830438,-0.254120164,-0.271238002,-0.2582103,-0.267462921
Mandvi Co-Operative Bank Ltd. [Merged],-0.401555766,-0.011887723,-0.545188789,-0.299219151,-0.306680501,-0.272727173,-0.300260689,-0.35721378,-0.035300082,-0.511886481,-0.290429496,-0.284902535,-0.278835785,-0.297405971,3.33E-17,-0.069171835,-0.446782814,-0.282056436,-0.271762421,-0.289491413,-0.291990014,-0.260847693,-0.199195136,-0.446505955,-0.274597509,-0.267542952,-0.299478979,-0.288168808,-0.266319948,-0.217616671,-0.441946387,-0.273618501,-0.265670158,-0.257618804,-0.279666238,-0.243600762,-0.194784762,-0.459730813,-0.26845045,-0.266777813,-0.24634953,-0.267076009,-0.262811426,-0.219978638,-0.477626013,-0.253935287,-0.270875813,-0.258386828,-0.267076009
Mangal Co-Op. Bank Ltd.,-0.402564623,-0.012191285,-0.545040404,-0.299943616,-0.307313461,-0.272890445,-0.30153905,-0.357960316,-0.035756833,-0.512268161,-0.291252663,-0.285904739,-0.279129405,-0.299770473,-0.295712319,-0.073625067,-0.448608817,-0.283612776,-0.273333038,-0.289882663,-0.294079319,-0.261325839,-0.201069246,-0.448687554,-0.276074393,-0.269082076,-0.300450243,-0.290127134,-0.267045821,-0.218922039,-0.444491239,-0.275090864,-0.267117627,-0.258443089,-0.281184318,-0.244188584,-0.19548152,-0.463123581,-0.269821164,-0.268104018,-0.246976808,-0.26821126,-0.26322951,-0.220519471,-0.481408904,-0.25507291,-0.272154357,-0.259022994,-0.26821126
Mapusa Urban Co-Op. Bank Of Goa Ltd.,0,-1.39E-17,0,4.71E-17,0,0,-4.02E-17,5.89E-17,0,0,0,0,3.95E-17,-0.29912194,-0.29580611,-0.078997277,-0.446693356,-0.285011202,-0.272586981,-0.289837717,-0.29374554,-0.261301319,-0.206037015,-0.445906889,-0.277769411,-0.268458886,-0.300351134,-0.289920171,-0.266597488,-0.222598016,-0.442021236,-0.276972414,-0.266536065,-0.25831465,-0.279991737,-0.244318363,-0.196985924,-0.453291826,-0.270469656,-0.266952784,-0.246881794,-0.267420059,-0.263315586,-0.221494376,-0.47269788,-0.255729939,-0.271332412,-0.259001344,-0.267420059
Maratha Sahakari Bank Ltd.,-0.40288321,-0.01227452,-0.544427078,-0.299783716,-0.307188368,-0.272827831,-0.301279135,-0.358312846,-0.0357614,-0.511669448,-0.291049612,-0.285723419,-0.279056435,-0.299398384,-0.295606805,-0.073018468,-0.447956297,-0.283395482,-0.27309753,-0.289840665,-0.293579776,-0.26137488,-0.200276883,-0.448038565,-0.27583872,-0.268838826,-0.300348576,-0.289697568,-0.266832329,-0.21864104,-0.443782379,-0.274795681,-0.266811856,-0.258323863,-0.280773787,-0.244081707,-0.19496773,-0.462319243,-0.269460053,-0.267815037,-0.246360138,-0.267894085,-0.263081951,-0.220235709,-0.480594864,-0.254747751,-0.271851078,-0.258521305,-0.267894085
Mashreqbank P S C,-0.402431879,-0.006692884,-0.498061655,-0.296336818,-0.306817283,-0.272408555,-0.299656871,-0.358292109,-0.029366897,-0.476734551,-0.287266954,-0.285436353,-0.278101735,-0.298056926,-0.29546612,-0.069208158,-0.423639406,-0.279489357,-0.272883189,-0.288996271,-0.292490307,-0.261730425,-0.194310048,-0.425024444,-0.271881607,-0.268657148,-0.299678475,-0.288556908,-0.267280662,-0.215016154,-0.423630502,-0.270891125,-0.266828296,-0.25765403,-0.279697325,-0.244226754,-0.192456078,-0.442856817,-0.26569813,-0.267712161,-0.245843095,-0.26688765,-0.263395514,-0.217676233,-0.391692939,-0.251437277,-0.271810892,-0.258085398,-0.26688765
Memon Co-Op. Bank Ltd.,0,-1.39E-17,0,4.71E-17,0,0,-0.30090429,-0.357815156,-0.033486784,-0.511602092,-0.290293176,-0.285591826,-0.278887907,-0.29917279,-0.295700596,-0.072026843,-0.448161525,-0.282559439,-0.273024924,-0.289761825,-0.293455265,-0.259719759,-0.200538707,-0.4482732,-0.274958143,-0.268756167,-0.300270568,-0.289425134,-0.266181179,-0.21852864,-0.44413901,-0.27408033,-0.26675871,-0.258282676,-0.280382762,-0.24288316,-0.195446405,-0.462755639,-0.268927463,-0.267622855,-0.246194555,-0.267487016,-0.261932221,-0.219793209,-0.481053759,-0.25431132,-0.271646294,-0.258031274,-0.267487016
Mizuho Bank Ltd.,-0.394865447,0.07365819,2.465645498,-0.252483953,-0.293964713,-0.198940996,-0.264584142,5.89E-17,0.084651667,1.765415283,-0.234975142,-0.26315428,-0.179620019,-0.262528855,3.33E-17,-0.013350248,1.152911838,-0.225667179,-0.250327767,-0.193963728,-0.257533557,3.48E-17,-0.13339803,1.070623873,-0.219717141,-0.252484813,-0.195787094,-0.25014585,-0.267291337,-0.16874074,0.895447821,-0.218933729,-0.247372664,-0.146929467,-0.234972949,-0.244417606,-0.12118909,0.838933647,-0.209997648,-0.23016205,-0.200245507,-0.240495149,6.99E-17,-0.185802189,0.732974868,-0.203349028,-0.244454892,-0.222656601,-0.240495149
Model Co-Op. Bank Ltd.,-0.402272585,-0.01187793,-0.541587975,-0.299882554,-0.306867254,-0.272860327,-0.300978552,-0.357835893,-0.034989492,-0.509573953,-0.291135885,-0.285387482,-0.279080758,-0.299263593,-0.295606805,-0.07319282,-0.446630208,-0.283475945,-0.272856656,-0.289870874,-0.293679534,-0.261313579,-0.200876323,-0.446580838,-0.27599072,-0.268632417,-0.300393335,-0.28968993,-0.266629512,-0.21880453,-0.442391076,-0.274994299,-0.266679296,-0.258327656,-0.280681745,-0.243997733,-0.195298552,-0.460252777,-0.26969465,-0.267575909,-0.246919615,-0.267653828,-0.263094247,-0.220280661,-0.477929283,-0.254923536,-0.271597151,-0.258966372,-0.267653828
Mogaveera Co-Op. Bank Ltd.,-0.396803516,-0.012411613,-0.52958856,-0.297812138,-0.304029343,-0.271705535,-0.29818976,-0.354517958,-0.03473828,-0.500189128,-0.289253136,-0.282487427,-0.277700397,-0.296687621,-0.291409689,-0.07011624,-0.438615791,-0.280941568,-0.270490809,-0.285811745,-0.291172819,-0.257978816,-0.199346718,-0.439157411,-0.273716933,-0.266768214,-0.296033197,-0.287964391,-0.265263163,-0.219606654,-0.436266702,-0.273182831,-0.264949338,-0.253994878,-0.279381274,-0.243303033,-0.196340915,-0.455392519,-0.268280088,-0.266170824,-0.246272042,-0.266962947,-0.262442529,-0.220814471,-0.474381825,-0.253713824,-0.270544436,-0.258506317,-0.266962947
Mumbai District Central Co-Op. Bank Ltd.,-0.399591148,-0.011887723,-0.480720373,-0.265615388,-0.292384525,-0.271278334,-0.281342085,5.89E-17,-0.028439694,-0.433410189,-0.258726858,-0.263790078,-0.276120235,-0.279425422,-0.295958519,-0.058837867,-0.393965537,-0.255858544,-0.251895133,-0.287649369,-0.274883296,3.48E-17,-0.19538146,-0.3930443,-0.253902138,-0.249903098,-0.294268424,-0.269732387,-3.03E-17,-0.211031078,-0.38157001,-0.254479396,-0.248343268,-0.251180605,-0.265527769,-0.244188584,-0.182426101,-0.392063694,-0.250139072,-0.25074661,-0.240468797,-0.255203137,-0.263456997,-0.194438665,-0.404206806,-0.235797388,-0.25612671,-0.251924411,-0.255203137
N K G S B Co-Op. Bank Ltd.,-0.400865495,0.025073478,-0.452457942,-0.268415443,-0.274331166,-0.262850021,-0.268746332,-0.357545574,-0.003185973,-0.43989874,-0.259868424,-0.256242539,-0.271755895,-0.269510574,-0.295290263,-0.050123917,-0.397438627,-0.254589634,-0.24467007,-0.282805529,-0.265655254,-0.2613381,-0.185707745,-0.39905493,-0.251354313,-0.243976145,-0.297393862,-0.264810382,-0.265562052,-0.203855388,-0.402325078,-0.251840187,-0.246898379,-0.255767009,-0.262778402,-0.244295461,-0.183510972,-0.424596621,-0.248532086,-0.249871703,-0.243574285,-0.253958531,-0.263346327,-0.214523948,-0.443041293,-0.238613845,-0.255466277,-0.255726837,-0.253958531
N S D L Payments Bank Ltd.,0,-0.012969777,-0.444029663,-0.300281009,0,-0.272788202,-0.301356491,5.89E-17,-0.038858167,-0.426876735,-0.291890415,-0.285964566,-0.278852291,-0.299588868,3.33E-17,-0.078750279,-0.370164347,-0.284793478,-0.273397745,-0.289661618,-0.291824625,-0.261595563,-0.205475471,-0.359316881,-0.277570276,-0.269121409,-0.294369451,-0.279301052,-0.267248639,-0.220970776,-0.3656801,-0.276672063,-0.267139286,-0.252982542,-0.2647573,0,-0.194049194,-0.386544563,-0.270934381,-0.268106612,-0.236619338,-0.251604623,6.99E-17,-0.220366352,-0.410008835,-0.255902044,-0.272072707,-0.253783782,-0.251604623
Nainital Bank Ltd.,-0.35413946,0.011545355,-0.469255144,-0.271933235,-0.273227503,-0.260125918,-0.27238869,-0.314287989,-0.023593574,-0.454941401,-0.264408471,-0.254783717,-0.264253816,-0.271080048,-0.270471,-0.098437486,-0.408315713,-0.262033131,-0.244373144,-0.276816674,-0.271144975,-0.22731616,-0.195770751,-0.410487107,-0.257539905,-0.245457628,-0.288935743,-0.2692559,-0.233292742,-0.209319539,-0.410809383,-0.257619511,-0.245472453,-0.246075568,-0.26311792,-0.221576505,-0.186985517,-0.413305933,-0.251851627,-0.248039341,-0.237359619,-0.251538593,-0.242540517,-0.213990138,-0.434968732,-0.240009518,-0.253027243,-0.249881435,-0.251538593
National Australia Bank Ltd.,0,-0.016710452,-0.394518474,-0.300664975,0,-0.272521102,-0.298803745,5.89E-17,-0.030563582,0.011194002,-0.291378021,-0.285962983,-0.27820511,-0.297086749,3.33E-17,-0.068216533,-0.080556016,-0.283083095,-0.273396913,-0.289397837,-0.291775496,-0.261705904,-0.196421867,-0.099546856,-0.275157643,-0.269140964,-0.300163147,-0.288086604,-3.03E-17,-0.215067245,-0.13657744,-0.273793544,-0.267175615,-0.25809625,-0.279547376,0,-0.193716525,-0.163918203,-0.268398504,-0.268109965,-0.24677571,-0.267027355,6.99E-17,-0.219095043,-0.202368831,-0.253748894,0,-0.258854377,-0.267027355
National Bank Of Abu Dhabi,0,-1.39E-17,0,4.71E-17,0,0,-4.02E-17,5.89E-17,0,0,0,0,3.95E-17,-0.299394349,-0.288302884,-0.075201496,-0.339101242,-0.28413299,0,-0.289434678,-0.292854838,-0.244529422,-0.199405284,-0.111183715,-0.276365969,0,-0.299947027,-0.287583201,-0.255282414,-0.214474592,0.137918676,-0.274785992,0,-0.257234572,-0.275710576,-0.241562468,-0.184082054,0.397510093,-0.26780112,-0.267678786,-0.239902402,-0.259626214,-0.261993704,-0.206047616,0.32126626,-0.251274914,-0.271341136,-0.228663543,-0.259626214
National Co-Op. Bank Ltd.,-0.398874328,-0.012602564,-0.539926061,-0.29736711,-0.304509221,-0.272174744,-0.299157814,-0.355119333,-0.034820495,-0.508556141,-0.288900895,-0.283358766,-0.278516973,-0.29760493,-0.29401237,-0.071921506,-0.44595664,-0.281350769,-0.271111043,-0.28947815,-0.292135902,-0.259437775,-0.198206405,-0.446256344,-0.274021663,-0.26760184,-0.296982721,-0.288292476,-0.266010385,-0.220378124,-0.442364659,-0.273468002,-0.265709271,-0.25599679,-0.279831121,-0.243432812,-0.194041801,-0.461078508,-0.268144637,-0.266788396,-0.245409535,-0.267194631,-0.262854464,-0.220047471,-0.47952943,-0.253760801,-0.270988646,-0.257002084,-0.267194631
Natwest Markets P L C,0,-1.39E-17,-0.397407039,4.71E-17,0,0,-0.300433082,-0.354435009,-0.044115362,1.584663862,-0.292259338,-0.283628328,-0.220414958,-0.291259234,-0.274046756,-0.139493668,1.025817799,-0.292322171,-0.273158533,-0.247385962,-0.285512083,-0.223883316,-0.16879597,0.950051842,-0.280073159,-0.269041433,-0.271041846,-0.283104584,-3.03E-17,-0.227597242,0.789110021,-0.281952418,0,-0.232226937,-0.276100991,-0.243524421,-0.190635638,0.735601816,-0.274988432,3.81E-17,-0.224769777,-0.265965548,-0.263235658,-0.231773017,0.636598941,-0.260810603,0,-0.237941244,-0.265965548
Nedungadi Bank Ltd. [Merged],-0.395449523,-0.010325844,-0.53583063,-0.298836738,-0.304656295,-0.271377407,-0.296393777,-0.351200022,-0.032559581,-0.505308123,-0.290128257,-0.282393193,-0.27642341,-0.293394913,-0.291292451,-0.070777323,-0.443730705,-0.28244025,-0.268927601,-0.287091598,-0.286823571,-0.256470817,-0.196135927,-0.444084729,-0.274361471,-0.26406767,-0.296899597,-0.282879435,-0.262402371,-0.236374626,-0.44044061,-0.275786514,-0.262104878,-0.255717693,-0.274550301,-0.240279947,-0.195309641,-0.459191735,-0.270364646,-0.264396228,-0.245096357,-0.265251962,-0.261391171,-0.230511541,-0.477765677,-0.25703339,-0.269063776,-0.257095344,-0.265251962
New India Co-Op. Bank Ltd.,-0.402803563,0.005777665,-0.509141082,-0.287517499,-0.295052682,-0.269291332,-0.288967168,-0.358084738,-0.025416007,-0.495017745,-0.280371802,-0.275064505,-0.275544288,-0.289012976,-0.295911624,-0.074616692,-0.436200414,-0.27298302,-0.263403589,-0.287073177,-0.284424865,-0.261669124,-0.200004724,-0.436007322,-0.268026071,-0.261578776,-0.299135615,-0.282207988,-0.266757607,-0.217049564,-0.43498547,-0.267809788,-0.260012089,-0.256691552,-0.275112609,-0.244417606,-0.194812485,-0.457865432,-0.263001387,-0.261778344,-0.244705692,-0.263343582,-0.263383217,-0.224754828,-0.476233367,-0.24962509,-0.266628246,-0.257107418,-0.263343582
North East Small Finance Bank Ltd.,0,-0.012382236,-0.43671922,-0.300085404,0,-0.272707359,-0.297027212,-0.357047883,-0.025676355,-0.293371244,-0.290333691,-0.285428394,-0.276704,-0.288277273,-0.295454396,-0.06029443,-0.29470884,-0.28120232,-0.272387871,-0.286378358,-0.282078664,-0.258040117,-0.196838718,-0.302710129,-0.27360476,-0.266298106,-0.296525542,-0.278187308,-0.261708522,-0.217220718,-0.315756105,-0.272692582,-0.263473832,-0.25718363,-0.271249597,-0.240486066,-0.218313717,-0.331943667,-0.270890533,-0.264158567,-0.24220073,-0.260802241,-0.254117745,-0.250529396,-0.343429158,-0.26044323,-0.267477963,-0.252609706,-0.260802241
Oriental Bank Of Commerce [Merged],1.124845718,0.637795098,-0.257301749,0.345917433,0.511816541,0.07145535,0.600113951,1.004280337,0.484550208,-0.288536638,0.33447549,0.54206183,0.200279977,0.575297592,0.263137284,0.106843422,-0.291309421,0.29624895,0.497678533,0.165338082,0.521843338,0.062599806,-0.147405624,-0.288726929,0.257951312,0.398380652,0.020637297,0.472255435,0.082568619,-0.498538957,-0.292517826,0.169634153,0.368776284,0.001539851,0.330909298,0.007979613,-1.280737235,-0.192831607,0.041579499,0.275024527,-0.038701547,0.181883793,0.4256494,-0.212881781,0.064931512,0.124349356,0.267582241,0.000847997,0.181883793
Oversea-Chinese Banking Corpn. Ltd.,0,-0.013434913,-0.510674395,-0.300196661,-0.307372467,-0.272837342,-0.301446223,5.89E-17,-0.035697455,-0.484682464,-0.291482406,-0.28593461,-0.279136355,-0.299571515,-0.295923348,-0.072855014,-0.429227923,-0.283726801,-0.27334328,-0.28991803,-0.293903053,-0.261681384,-0.201224273,-0.430326179,-0.276213604,-0.269102749,-0.300333231,-0.289998373,-0.267248639,-0.218952693,-0.428306337,-0.275218109,-0.267151811,-0.258291889,-0.281137992,-0.24442524,-0.195840063,-0.447400474,-0.269951309,-0.268162281,-0.246886406,-0.268224698,-0.2634447,-0.220619209,-0.466768159,-0.25518743,0,-0.259046725,-0.268224698
Patan Co-Operative Bank Ltd.,0,-0.012049296,-0.543892892,-0.299721102,-0.307100347,-0.272729551,-0.301349418,5.89E-17,-0.035610673,-0.511385059,-0.291046752,-0.285712164,-0.279020818,-0.299565058,3.33E-17,-0.07339623,-0.448003658,-0.283403658,-0.273160461,-0.289817823,-0.2938663,3.48E-17,-0.200838427,-0.447968674,-0.275903758,-0.268927205,-0.300270568,-0.289932902,-0.267291337,-0.218896493,-0.443826407,-0.274945533,-0.266970918,-0.258260456,-0.281028578,-0.244440508,-0.195387263,-0.462434759,-0.269653316,-0.26799716,-0.246861038,-0.26810399,-0.263456997,-0.220418328,-0.480718566,-0.254931763,-0.272066118,-0.258872279,-0.26810399
Paytm Payments Bank Ltd.,0,-0.027433068,-0.330257797,-0.301676121,0,-0.267224279,-0.269704661,5.89E-17,-0.045334885,-0.213585268,-0.293850857,-0.279781102,-0.236093224,-0.232524413,3.33E-17,-0.066730912,-0.238607914,-0.285139857,-0.265300537,-0.205867019,-0.211401597,-0.261742685,-0.190902888,-0.249488101,-0.276318835,-0.259973032,-0.222287453,-0.209777556,-0.263661974,-0.209470257,-0.268817247,-0.27411198,-0.25757978,-0.119239249,-0.203892699,-0.242959501,-0.192164068,-0.292419841,-0.268439279,-0.261241328,0.036447761,-0.206265941,-0.261772365,-0.218564043,-0.322220229,-0.25369867,-0.264587782,-0.005518245,-0.206265941
Progressive Co-Op. Bank Ltd.,0,-1.39E-17,0,4.71E-17,0,0,-4.02E-17,5.89E-17,0,0,0,0,3.95E-17,-3.67E-17,3.33E-17,-1.03E-17,5.98E-17,0,0,3.35E-17,-0.293919555,-0.261632343,-0.201083026,-0.448677569,-0.276145277,-0.26895053,-0.30034474,-0.289920899,-0.267237964,-0.218980793,-0.444411987,-0.275163852,-0.266965264,-0.258298934,-0.281018521,-0.244394704,-0.195524027,-0.462935332,-0.269801894,-0.267990742,-0.246989722,-0.268128317,-0.263432403,-0.220652923,-0.481129577,-0.255051911,-0.272060016,-0.259052138,-0.268128317
Pt Bank Maybank Indonesia T B K,-0.402723916,-0.013381055,-0.339289509,-0.299829771,0,-0.272616212,-0.300816325,5.89E-17,-0.035254407,-0.356617777,-0.292532933,-0.285964395,-0.277954057,-0.298956074,-0.295571634,-0.073679552,-0.339180176,-0.284772824,-0.273381832,-0.289610777,-0.293309002,-0.259106751,-0.200504257,-0.344899357,-0.277025488,-0.26910783,-0.300014804,-0.289375666,-3.03E-17,-0.223481885,-0.352964649,-0.276508001,-0.26715503,-0.258279966,-0.280698203,-0.243470983,-0.195936168,-0.374188554,-0.271081283,-0.268045153,-0.246913619,-0.267891768,-0.262368749,-0.220723161,-0.398484585,-0.256079345,-0.272100133,-0.258943057,-0.267891768
Punjab & Maharashtra Co-Op. Bank Ltd. [Merged],-0.378484786,0.026434614,-0.36067676,-0.268703676,-0.275377034,-0.258258596,-0.259626733,-0.337161007,-0.003030678,-0.33226513,-0.260972811,-0.252664234,-0.262072515,-0.254221417,-0.280283812,-0.038707516,-0.299376462,-0.251572477,-0.23933655,-0.272700073,-0.250854233,-0.24357313,-0.166691042,-0.302295775,-0.246459624,-0.237385711,-0.284429818,-0.243511764,-0.253990788,-0.193816062,-0.316099528,-0.244032691,-0.233493685,-0.242234326,-0.269203649,-0.240608211,-1.477270818,-0.338220075,-0.357381253,-0.240061516,-0.233714948,-0.261116404,-0.26276224,-0.28104363,-0.364937367,-0.331858933,-0.247765617,-0.248736502,-0.261116404
Punjab & Sind Bank,0.161068165,-0.376569282,0.012907669,-0.009381643,0.16638564,-0.183396886,0.097614364,0.358008702,-0.284110211,-0.09016809,-0.046571041,0.135807747,-0.193241208,0.041521371,0.149381353,-0.43360311,-0.080187658,-0.073113997,0.065509864,-0.20516041,-0.012516402,0.189124641,-1.142675131,1.574004115,-0.118737689,0.037941751,-0.132261044,-0.01246999,0.300736057,0.046374153,2.53923244,-0.041657535,0.02895932,-0.161536267,-0.023999803,0.367696417,0.047124903,2.436251572,-0.037269518,0.019129072,-0.161685888,-0.031189616,0.380379547,-0.136964243,2.222767458,-0.065623831,0.004848175,-0.179535106,-0.031189616
Punjab National Bank,4.599271498,-6.026271643,0.000245467,1.796833338,2.683602697,1.445320262,2.189448195,5.453258645,-4.592183086,0.176184307,1.799468456,2.607073062,1.007041797,2.102887598,4.616743111,0.048402928,0.259996229,2.341412946,2.386865536,0.759004673,3.132010371,1.506932288,0.495283172,0.596962301,2.96990831,3.265802023,1.011746232,2.758287943,1.471397893,0.664037884,0.524665628,2.73745244,3.056172266,1.227425557,2.513408614,6.215071703,0.267826906,0.478632768,2.457350561,3.088121626,1.114553969,2.391738385,4.630556579,0.937566104,0.396928067,2.002203782,2.905849201,1.207074127,2.391738385
R B L Bank Ltd.,-0.32894457,0.298558943,-0.130768757,0.024075675,-0.102911861,-0.114145861,0.039107214,-0.285836692,0.360104037,-0.193595741,0.048001601,-0.036068605,-0.054616944,0.120918851,-0.21821807,0.10996359,-0.181407177,0.149726641,-0.054890794,-0.026504209,0.08892343,-0.242886561,-0.026243038,-0.150632215,0.164589393,-0.035505801,-0.067683804,0.092148796,-0.26281868,-0.238147474,-0.180975849,0.112907967,-0.038105235,-0.069293347,0.089250584,-0.241417421,-0.032403371,-0.207035883,0.092493373,-0.045784852,-0.058782289,0.088692659,-0.246112673,-0.056541633,-0.240377306,0.052049099,-0.032080593,-0.011036404,0.088692659
R S Co-Operative Bank Ltd.,0,-1.39E-17,0,4.71E-17,0,0,-0.30161066,-0.358312846,-0.035884723,-0.51244029,0,-0.285956606,-0.279168497,-0.299825359,-0.295935071,-0.073704978,-0.448724587,-0.283752619,-0.273383231,-0.289972555,-0.294031314,-0.261301319,-0.200952114,-0.44831813,-0.276163912,-0.269051626,-0.300448324,-0.290060571,-0.266896377,-0.218896493,-0.443989313,-0.275169988,-0.267071324,-0.258419786,-0.281098372,-0.244066439,-0.195466734,-0.462575946,-0.269856354,-0.268046646,-0.247001253,-0.268138048,-0.26319262,-0.220571447,-0.480886163,-0.255102569,-0.272093659,-0.259041313,-0.268138048
Raghuvanshi Co-Op. Bank Ltd.,0,-1.39E-17,0,4.71E-17,0,0,-4.02E-17,5.89E-17,0,0,0,0,3.95E-17,-3.67E-17,3.33E-17,-1.03E-17,5.98E-17,0,0,3.35E-17,-0.294030189,-0.261607823,-0.200938334,-0.448777414,-0.276069277,-0.269083514,-0.300438094,-0.290053297,-0.267163242,-0.21886073,-0.444535267,-0.275063089,-0.267115018,-0.258430624,-0.281105991,-0.244364167,-0.195392808,-0.463136416,-0.269747992,-0.268097757,-0.246994335,-0.268155192,-0.263389365,-0.220541947,-0.481420875,-0.255007965,-0.272137999,-0.259043395,-0.268155192
Royal Bank Of Scotland N V,-0.133358949,-0.063728389,-0.378720398,-0.190799949,-0.23005707,-0.138426598,-0.190760079,-0.11060822,0.046974339,-0.386448647,-0.182089429,-0.226278253,-0.161455538,-0.196438209,-0.203000591,0.100552234,-0.360155534,-0.164432485,-0.224114061,0.150259844,-0.204687021,-0.196825146,-0.124496008,-0.364798335,-0.178932572,-0.228405465,-0.066736838,-0.209850302,-0.068957302,-0.128312659,-0.370514437,-0.183144552,-0.233469591,-0.062751096,-0.227214011,-0.244043537,-0.173887591,-0.391242242,-0.194431609,-0.240623157,-0.108330807,-0.239724568,-0.148213465,-0.216538376,-0.414390284,-0.197850117,-0.25373596,-0.162223724,-0.239724568
S B E R Bank,-0.401847803,-0.012685799,-0.354523721,-0.3000083,-0.307056523,-0.271875148,-0.299610457,-0.357835893,-0.035811643,-0.308473777,-0.291320823,-0.285795956,-0.278313698,-0.298673577,-0.295911624,-0.079193423,-0.305328075,-0.284331782,-0.27325136,-0.287513057,-0.291716241,-0.261644604,-0.193355768,-0.312784424,-0.275892431,-0.269017981,-0.294398225,-0.284031734,-0.265871615,-0.198728434,-0.32464107,-0.272377052,-0.267106958,-0.253491962,-0.275069636,-0.243104548,-0.178060741,-0.34666563,-0.26480778,-0.268026579,-0.23678815,-0.26420058,-0.263075803,-0.209978139,-0.284391321,-0.249560361,-0.27204744,-0.254152659,-0.26420058
S B I Commercial & Intl. Bank Ltd. [Merged],-0.401130983,-0.003593608,-0.446997367,-0.300169235,-0.305634819,-0.272155722,-0.300379596,-0.357296729,-0.040452225,-0.438102601,-0.291953332,-0.284546099,-0.278040058,-0.298310366,-0.295430948,-0.071623655,-0.396475634,-0.284006487,-0.27196909,-0.288593232,-0.292845838,-0.261656864,-0.198575026,-0.399254618,-0.276169758,-0.267583499,-0.299264776,-0.288420873,-0.267227289,-0.215772296,-0.400902955,-0.274776949,-0.26566349,-0.257158159,-0.279539147,-0.24438707,-0.193498441,-0.420771735,-0.26921624,-0.26662283,-0.246284957,-0.267224982,-0.263383217,-0.220165471,-0.441931964,-0.25454772,-0.271069947,-0.258201973,-0.267224982
S B M Bank (India) Ltd.,0,-1.39E-17,0,4.71E-17,0,0,-4.02E-17,5.89E-17,0,0,0,0,3.95E-17,-0.298415294,-0.295114406,-0.09077691,-0.078130115,-0.291376405,-0.269678836,-0.283613081,-0.288579471,-0.204990412,-0.200521482,-0.071285914,-0.282659715,-0.263294977,-0.297402174,-0.279311236,-0.250158607,-0.21429322,-0.111652866,-0.280347965,-0.255999287,-0.252175057,-0.265521369,-0.244264925,-0.192530004,-0.111174132,-0.27297537,-0.250350954,-0.235690874,-0.248116854,-0.262922095,-0.217681852,-0.153175288,-0.256974506,-0.255229636,-0.244058516,-0.248116854
S B M Bank (Mauritius) Ltd.,0,-1.39E-17,0,4.71E-17,0,0,-4.02E-17,5.89E-17,0,0,0,0,3.95E-17,-3.67E-17,3.33E-17,-1.03E-17,5.98E-17,0,0,3.35E-17,-0.28844821,-0.261190978,-0.200614499,-0.211067997,-0.273207222,-0.26669808,-0.296366969,-0.285208403,-0.261270864,-0.230021496,-0.23493286,-0.273968264,-0.264362731,-0.254431137,-0.277712941,-0.24288316,-0.201914973,-0.259493302,-0.269799101,-0.264972068,-0.244239384,-0.264985757,-0.260579597,-0.235320041,-0.291510179,-0.257342962,-0.26941274,-0.255661888,-0.264985757
S V C Co-Operative Bank Ltd.,-0.204722346,0.038092398,-0.453734054,-0.231551071,-0.239762257,-0.236219279,-0.23769169,-0.211473461,0.013686381,-0.443378759,-0.223495614,-0.221307628,-0.23129106,-0.239903243,-0.201464775,-0.031900537,-0.400595981,-0.219132013,-0.211928714,-0.240880598,-0.234561335,-0.159873029,-0.152252816,-0.397452428,-0.217934796,-0.216418959,-0.16898941,-0.232343775,-0.227539133,-0.180683195,-0.395866087,-0.220226851,-0.216925859,-0.151235691,-0.233623714,-0.21035444,-0.168402245,-0.416544679,-0.217478485,-0.22018166,-0.194379534,-0.228125547,-0.236964019,-0.195839212,-0.438252824,-0.207046359,-0.227527968,-0.237671457,-0.228125547
Sakura Bank Ltd. [Merged],0,-0.007461583,-0.528134385,-0.299237263,-0.305994821,-0.271898925,-0.29851775,5.89E-17,-0.028403154,-0.469071026,-0.290218343,-0.284693997,-0.278471801,-0.295583056,-0.295935071,-0.064667751,-0.402464083,-0.281615824,-0.272907983,-0.289517938,-0.290294869,-0.254582752,-0.200635169,-0.404935762,-0.274358548,-0.268761439,-0.299126663,-0.286607311,-0.267248639,-0.225671122,-0.405913406,-0.274773397,-0.266460942,-0.258101669,-0.278864987,-0.244226754,-0.196368638,-0.42564055,-0.268830832,-0.267807807,-0.246574151,-0.266340181,-0.262792981,-0.222585875,-0.446473029,-0.254597728,-0.271592093,-0.258639546,-0.266340181
Sangli Bank Ltd. [Merged],-0.396007049,-0.009924358,-0.539490798,-0.298555749,-0.303009975,-0.270409665,-0.295706857,-0.353481103,-0.034039452,-0.506528001,-0.289292697,-0.2813832,-0.276922043,-0.294727493,-0.293156533,-0.072183033,-0.44448847,-0.2818968,-0.269012982,-0.287644211,-0.288809741,-0.258971889,-0.199453515,-0.44401983,-0.274528451,-0.264736424,-0.297824185,-0.284007,-0.265038997,-0.216490121,-0.437244136,-0.273525166,-0.262501111,-0.255866183,-0.276121106,-0.242753381,-0.193352437,-0.454823492,-0.268255232,-0.263768229,-0.244640197,-0.264494587,-0.262288822,-0.21890259,-0.472957255,-0.25378483,-0.267896233,-0.257159876,-0.264494587
Saraswat Co-Operative Bank Ltd.,-0.365502382,0.213791521,-0.333017762,-0.124604084,-0.15025156,-0.17726706,-0.154301133,-0.341432849,0.151026612,-0.335767601,-0.122569766,-0.1359414,-0.170540384,-0.162141019,-0.285313318,0.098558086,-0.310195663,-0.118373937,-0.137276294,-0.194032252,-0.154536216,-0.247913226,-0.038162929,-0.30640437,-0.126603318,-0.147458224,-0.218144714,-0.156202198,-0.245984839,-0.085455214,-0.310728042,-0.132222881,-0.148721027,-0.166104788,-0.17535335,-0.220851269,-0.11599945,-0.325324988,-0.137044267,-0.155854868,-0.171069693,-0.180186677,-0.244249741,-0.136547029,-0.344171371,-0.13948602,-0.168955743,-0.176853049,-0.180186677
Satara Sahakari Bank Ltd.,0,-1.39E-17,0,4.71E-17,0,0,-4.02E-17,5.89E-17,0,0,0,0,3.95E-17,-0.299407263,-0.2958999,-0.073181923,-0.447524792,-0.283299959,-0.273186918,-0.289902557,-0.293690785,-0.261656864,-0.200924553,-0.44750939,-0.275789393,-0.268918035,-0.300419551,-0.289597542,-0.267248639,-0.21866914,-0.442338242,-0.274779533,-0.266758217,-0.258128224,-0.280745138,-0.24386032,-0.195381719,-0.461014332,-0.269505017,-0.267742759,-0.246623964,-0.267917716,-0.262706905,-0.220454852,-0.479377795,-0.254824387,-0.271787109,-0.258344361,-0.267917716
Saurashtra Gramin Bank,0,0.006497402,-0.521654899,-0.28921792,-0.286992884,-0.265994985,-0.279219439,5.89E-17,-0.004757194,-0.494583679,-0.278141578,-0.265377926,-0.271887068,-0.275766678,3.33E-17,-0.062615486,-0.43618989,-0.270470587,-0.252045712,-0.27257113,-0.271153601,-0.223503251,-0.189490416,-0.436930882,-0.263712343,-0.24937701,-0.287582111,-0.266311499,-0.222116437,-0.194666723,-0.434131316,-0.261097763,-0.246617485,-0.24272261,-0.259638315,-0.191864752,-0.161345961,-0.453060793,-0.252528047,-0.247862039,-0.237196342,-0.249863982,-0.250963673,-0.195527355,-0.472047446,-0.237815019,-0.252169544,-0.250212008,-0.249863982
Shinhan Bank,-0.401476119,0.01492861,0.080452605,-0.285907635,-0.298726049,-0.266033029,-0.287690132,-0.357379677,0.000691837,-0.039067945,-0.274523363,-0.277698978,-0.270387695,-0.285418804,-0.29410616,-0.050087594,-0.115897336,-0.265720242,-0.25932917,-0.280810226,-0.275979515,-0.260982555,-0.176437102,-0.133074587,-0.258294058,-0.255586449,-0.291162809,-0.269289363,-0.266885702,-0.202736501,-0.166147027,-0.257328526,-0.250202974,-0.24702233,-0.261465131,-0.241844928,-0.182049076,-0.192651914,-0.252397343,-0.251084894,-0.235059445,-0.251137085,-0.26322951,-0.213294781,-0.229168298,-0.240451795,-0.254498437,-0.242403151,-0.251137085
Shivalik Mercantile Co-Op. Bank Ltd.,0,-1.39E-17,0,4.71E-17,0,0,-4.02E-17,5.89E-17,0,0,0,0,3.95E-17,-0.295545525,-0.29376617,-0.069901932,-0.425365427,-0.282605049,-0.269932637,-0.288734701,-0.290296744,-0.258444702,-0.200046064,-0.426362358,-0.275269816,-0.26609601,-0.299405446,-0.28613919,-0.263160267,-0.218096924,-0.419685543,-0.274391984,-0.264129155,-0.257794391,-0.277412434,-0.241425055,-0.195185814,-0.437196499,-0.269391908,-0.265177558,-0.245849552,-0.265202845,-0.261895331,-0.2201444,-0.452965396,-0.254688218,-0.26932297,-0.257268124,-0.265202845
Shree Suvarna Sahakari Bank Ltd.,0,-1.39E-17,0,4.71E-17,0,0,-4.02E-17,5.89E-17,0,0,0,0,3.95E-17,-3.67E-17,3.33E-17,-1.03E-17,5.98E-17,0,0,3.35E-17,-0.292746829,-0.261620083,-0.200449136,-0.448647616,-0.275388201,-0.268335072,-0.299861985,-0.288439787,-0.267109869,-0.218239978,-0.444363556,-0.274311244,-0.266260709,-0.258003579,-0.278823233,-0.244188584,-0.195145154,-0.462657236,-0.268772462,-0.266613006,-0.246034968,-0.265870326,-0.262829871,-0.220157042,-0.480515056,-0.25391169,-0.270679033,-0.258105382,-0.265870326
Shreeji Bhatia Co-Op. Bank Ltd.,0,-0.012406717,-0.544743633,-0.300087474,-0.30735137,-0.272902334,-0.301579276,5.89E-17,-0.035875588,-0.512036159,-0.291399946,-0.285940986,-0.279162416,-0.299810427,3.33E-17,-0.073712242,-0.448450949,-0.283753909,-0.273369889,-0.28996666,-0.294125072,3.48E-17,-0.201148482,-0.448582717,-0.276227854,-0.269125243,-0.300468786,-0.290186786,-3.03E-17,-0.219036993,-0.44441639,-0.275241039,-0.267162249,-0.258464766,-0.281233082,-0.244440508,-0.195535116,-0.463063684,-0.269926174,-0.268148815,-0.247045532,-0.268263852,-0.263456997,-0.220598138,-0.481380971,-0.2551647,-0.272198023,-0.259093772,-0.268263852
Shri Arihant Co-Op. Bank Ltd.,-0.402511525,-0.011334455,-0.537858561,-0.298636475,-0.305638871,-0.271646092,-0.300048513,-0.357939579,-0.034473365,-0.506662711,-0.289955234,-0.284448399,-0.278055694,-0.298495604,-0.295618529,-0.073283628,-0.444756845,-0.282430353,-0.272072803,-0.289310156,-0.292839837,-0.261558782,-0.200676509,-0.444658834,-0.27508749,-0.268044566,-0.299793568,-0.288991567,-0.267195266,-0.21839325,-0.440885299,-0.274155256,-0.266082569,-0.258151527,-0.280300168,-0.244341265,-0.195374326,-0.459747926,-0.268966562,-0.267176743,-0.246669165,-0.267580385,-0.263377069,-0.220624828,-0.478479957,-0.254426489,-0.271340788,-0.258868948,-0.267580385
Siam Commercial Bank,0,-1.39E-17,0,4.71E-17,0,0,-0.301549217,5.89E-17,-0.03583448,-0.487803255,-0.29139518,-0.2859412,-0.279134618,-0.299244625,-0.295817833,-0.072230253,-0.431422285,-0.28357405,-0.27318775,-0.287633159,-0.293197243,-0.261669124,-0.199064224,-0.432407933,-0.275857354,-0.268947591,-0.299903547,-0.289544074,-0.267195266,-0.218107142,-0.430142328,-0.275059537,-0.26698121,-0.257816069,-0.280627191,-0.244371802,-0.19488826,-0.449184565,-0.269751344,-0.268016205,-0.245750387,-0.267934629,-0.263413958,-0.221079971,-0.468432152,-0.255103435,-0.272133498,-0.258293151,-0.267934629
Societe Generale,-0.391334446,-0.012166804,0.228353063,-0.287200804,-0.299040689,-0.230869354,-0.287461158,-0.316963075,-0.027937269,0.07282401,-0.278701637,-0.274430847,-0.214208109,-0.283195954,-0.288490465,-0.071710831,0.313597582,-0.272054035,-0.26465944,-0.112358214,-0.267262642,-0.258640865,-0.186527668,0.2743802,-0.265243669,-0.260371025,0.04302305,-0.275187257,-0.263565902,-0.193918244,0.290666991,-0.262356974,-0.261101076,-0.056858084,-0.270390439,-0.241012816,-0.183163518,0.690528909,-0.256913606,-0.26358422,-0.071471757,-0.257087885,-0.260807084,-0.213585567,0.59456017,-0.245101439,-0.26773305,-0.007112408,-0.257087885
South Indian Bank Ltd.,1.101323408,0.151575867,-0.366988076,-0.038126321,0.028082757,-0.164344017,0.012643093,0.693887466,0.0771838,-0.377505373,-0.045635863,0.058189294,-0.138550571,0.033860448,0.357877228,-0.035721744,-0.353867136,-0.055858285,0.040437222,-0.169994309,0.004213034,0.556635149,-0.179847707,-0.344704661,-0.071616989,-0.004866181,-0.203223435,-0.034139977,0.539420073,-0.207564573,-0.352792937,-0.092931876,-0.008718133,-0.162244036,-0.055055062,0.388743515,-0.052295142,-0.374021697,-0.089363915,-0.028062909,-0.136733593,-0.059192783,0.367867779,-0.070285822,-0.377451233,-0.069759975,-0.035731139,-0.144550959,-0.059192783
South Indian Co-Op. Bank Ltd.,0,-0.012240247,-0.545129435,-0.299964315,-0.307273176,-0.272768387,-0.30140644,-0.358043264,-0.035784238,-0.512260677,-0.291256953,-0.28582129,-0.278920918,-0.29949968,-0.29580611,-0.073628699,-0.448493048,-0.283609334,-0.273182609,-0.289582042,-0.29375229,-0.2613994,-0.201062356,-0.448527803,-0.276083162,-0.268872663,-0.300117749,-0.289494242,-0.26655479,-0.218911821,-0.444050953,-0.274998821,-0.266690284,-0.258224689,-0.2805001,-0.244234388,-0.194982516,-0.461989806,-0.269687388,-0.267662334,-0.246820911,-0.26772565,-0.263383217,-0.223128113,-0.480187844,-0.25539006,-0.271641166,-0.258528799,-0.26772565
Sree Narayana Guru Co-Op. Bank Ltd.,-0.40288321,-0.012279416,-0.540846049,-0.299935854,-0.307100813,-0.27284289,-0.301310961,-0.358312846,-0.035756833,-0.509050079,-0.291276972,-0.285710196,-0.2791129,-0.299561829,3.33E-17,-0.073617802,-0.446251326,-0.283626975,-0.273145985,-0.289930556,-0.293901928,-0.261742685,-0.20133796,-0.446446048,-0.276130297,-0.268944939,-0.30038822,-0.289973276,-0.267280662,-0.219011448,-0.44250555,-0.275137693,-0.266996287,-0.258362882,-0.28105357,-0.244440508,-0.195590561,-0.46112557,-0.269831218,-0.267993623,-0.246938987,-0.268125305,-0.263450848,-0.220567233,-0.479489526,-0.255077673,-0.272041222,-0.258953049,-0.268125305
Standard Chartered Bank - India Branches,0.075023235,1.182484411,6.814053502,0.680394885,0.065741812,1.803939659,0.208498981,0.281675447,0.837051777,5.055140542,0.616284452,0.07182923,1.020676885,0.210802226,-0.241888401,0.713975829,3.466058074,0.567278907,0.123791247,1.689552447,0.238492268,0.13022684,0.775386816,3.265067784,0.506149975,0.051637652,2.115254541,0.20564443,-0.234157384,0.562500201,2.830824848,0.459547251,0.058614849,1.172013688,0.144876119,-0.205491545,0.630395699,2.719601212,0.442236607,0.027478477,0.881419583,0.082474032,-0.22172241,0.428585808,2.487043084,0.398664508,0.035413156,1.167935332,0.082474032
Standard Chartered Grindlays Bank Ltd. [Merged],-0.397838922,0.016549243,-0.461677608,-0.265850839,-0.283010884,-0.248496368,-0.25194728,-0.354455746,0.007227933,-0.449208725,-0.254460882,-0.259384384,-0.242304417,-0.246314317,-0.295044063,0.009856684,-0.404284824,-0.242877281,-0.244054182,-0.229983801,-0.238153393,-0.260381807,-0.140574079,-0.406663069,-0.242932934,-0.241372639,-0.250566651,-0.236930784,-0.265732846,-0.173040024,-0.407436795,-0.24142707,-0.242596477,-0.213946353,-0.236187169,-0.241722783,-0.181289481,-0.427120875,-0.242383143,-0.246536174,-0.219871011,-0.239809365,-0.248086274,-0.275846012,-0.425323956,-0.242328928,-0.253195901,-0.239475038,-0.239809365
State Bank Of Bikaner & Jaipur [Merged],-0.357697011,0.210462124,-0.496459095,-0.177580026,-0.092868189,-0.059525893,-0.062672833,-0.294878066,0.215738987,-0.475522157,-0.157900152,-0.055506256,0.002058669,-0.022402924,-0.277716302,0.163126315,-0.412262406,-0.107557007,-0.040679993,-0.007794933,0.012877028,-0.215644489,0.050395656,-0.41423127,-0.104714602,-0.038717096,-0.089834894,0.036009136,-0.185972248,-0.032142055,-0.414111526,-0.104533477,-0.052984391,0.007478927,0.01898096,-0.173924716,-0.051966169,-0.433606924,-0.103963081,-0.047480464,-0.044588276,-0.02218777,-0.246450829,-0.101117533,-0.453903138,-0.110714426,-0.054096773,-0.068241821,-0.02218777
State Bank Of Hyderabad [Merged],-0.303059409,0.390420917,-0.525394205,-0.080483685,0.032465835,0.227401328,0.088107101,-0.297470203,0.496804818,-0.497412597,-0.039043381,0.093313956,0.369336479,0.169796936,-0.251982584,0.397861755,-0.438179023,-0.00506101,0.099769601,0.22000996,0.218510177,-0.210813987,0.229531627,-0.43881794,0.001859981,0.092950426,0.31806218,0.242418337,-0.227357665,0.041385145,-0.435795596,-0.005619358,0.079329808,0.123600088,0.18029239,-0.163947002,0.04788265,-0.454678026,-0.002496165,0.072835084,0.037239699,0.092331023,-0.209567242,-0.071010679,-0.473555814,-0.030483493,0.046066088,0.076643373,0.092331023
State Bank Of India,2.424201154,-3.218135993,0.336931447,10.99307682,12.29661007,12.9739277,11.72665776,0.776711432,0.357948176,0.154967419,10.19581725,12.1731685,12.36863179,11.24771978,0.841776644,5.188841737,0.02053721,9.660772959,11.97866084,11.72780797,10.81474091,0.506711784,6.830343188,-0.003641371,8.967362503,11.4932436,11.33532426,10.90196708,0.602304131,7.872687167,-0.051994155,8.741583954,11.47985332,12.2022255,10.85583749,0.423089141,9.088227907,-0.081725929,8.854645894,11.32088371,12.31959982,10.374409,0.439372382,8.359203308,-0.125709426,7.892295236,11.13425729,11.76486724,10.374409
State Bank Of Indore [Merged],-0.384511383,0.085688084,-0.528609218,-0.270788581,-0.264428095,-0.220719554,-0.240304552,-0.317191183,0.067468723,-0.499844868,-0.254570034,-0.240981248,-0.172117072,-0.249004902,-0.262733299,-0.025336924,-0.439889257,-0.245627232,-0.221213097,-0.212728266,-0.236109843,-0.199694023,-0.153251882,-0.440440411,-0.239684301,-0.215908112,-0.186071894,-0.221432216,-0.230645441,-0.170528915,-0.437226525,-0.237799935,-0.209257112,-0.197556583,-0.204209969,-0.225088171,-0.15229551,-0.456068505,-0.233658386,-0.203459638,-0.182910491,-0.197910725,-0.247028768,-0.181424952,-0.474852691,-0.221680031,-0.206473456,-0.212825585,-0.197910725
State Bank Of Mauritius Ltd.,-0.395476071,-0.009620795,-0.431763155,-0.297552883,-0.305639896,-0.272312653,-0.299629022,-0.35078528,-0.037707156,-0.426577378,-0.289161143,-0.284475831,-0.277951451,-0.297371668,-0.292922057,-0.070966204,-0.309595766,-0.281429081,-0.271508961,-0.288652178,-0.289231652,-0.255318362,-0.197317581,-0.316833112,-0.273867471,-0.266694086,-0.299001339,-0.284456208,-0.258740984,-0.210601916,-0.220839315,-0.272104799,-0.26544154,-0.256841668,-0.276482568,-0.241287642,-0.204166034,-0.245798155,-0.268530883,-0.266256279,-0.243507867,-0.264779327,-0.26247327,-0.22037759,-0.278736937,-0.254071022,-0.270493391,-0.255611095,-0.264779327
State Bank Of Mysore [Merged],-0.357750109,0.205130193,-0.510308378,-0.164027884,-0.126301533,-0.146914355,-0.099953963,-0.351739187,0.192097594,-0.477917009,-0.118066897,-0.100983466,-0.121445033,-0.073630177,-0.293801342,0.059830226,-0.424470843,-0.114146819,-0.083713828,-0.15712063,-0.05106596,-0.202366738,-0.058344061,-0.425813214,-0.119637265,-0.087115271,-0.167680537,-0.041008668,-0.266266575,-0.149379915,-0.423793408,-0.129896618,-0.088688829,-0.128759438,-0.049829711,-0.243112182,-0.120268705,-0.443015118,-0.133520012,-0.09509511,-0.118620475,-0.085754644,-0.262301118,-0.170547882,-0.462678008,-0.142732632,-0.108475168,-0.13960027,-0.085754644
State Bank Of Patiala [Merged],-0.288563719,0.257333177,-0.254343938,-0.121435587,-0.006742159,0.072363649,0.01675887,-0.293405732,0.262364052,-0.292353433,-0.110249436,0.00532066,0.066725436,0.056518345,-0.246976526,0.215584368,-0.293993173,-0.090719101,0.026765317,-0.040413855,0.093248676,-0.223601332,0.028526447,-0.302031188,-0.091814341,0.01418205,0.058002515,0.107927799,-0.179823679,-0.104713859,-0.282972432,-0.089107737,-0.007178376,0.046562807,0.06154083,-0.154511307,-0.128629791,-0.258402311,-0.081003899,-0.028675687,0.081265863,-0.002783319,-0.190267762,-0.357205597,-0.217859529,-0.098750219,-0.024052453,0.113037244,-0.002783319
State Bank Of Saurashtra [Merged],-0.402830112,0.027761476,-0.235301173,-0.286963284,-0.271966333,-0.192863481,-0.252480373,-0.34099737,0.006396647,-0.277946904,-0.276554826,-0.247218119,-0.165878081,-0.247959662,-0.295935071,-0.00927841,-0.283863327,-0.264243935,-0.233052043,-0.230069271,-0.247914731,-0.261718165,-0.186996196,-0.292421169,-0.258683923,-0.228841161,-0.257811808,-0.243637615,-0.262573164,-0.203697006,-0.306681817,-0.253830251,-0.227045877,-0.223572219,-0.236877482,-0.205323596,-0.179384026,-0.32921405,-0.249584978,-0.22675922,-0.217128976,-0.227804665,-0.246370901,-0.213304615,-0.286705748,-0.24096681,-0.234695995,-0.208919075,-0.227804665
State Bank Of Travancore [Merged],-0.21058965,0.322638315,-0.496459095,-0.15568102,-0.070399338,-0.076299297,-0.036578253,-0.205169384,0.296515268,-0.475522157,-0.128694182,-0.037080695,0.036055175,0.000196456,-0.210890701,0.111703475,-0.422786921,-0.119549905,-0.003270442,-0.065737544,0.052061891,-0.186955719,0.010708622,-0.424215705,-0.118568516,0.0012467,-0.054729352,0.091099432,-0.186089668,-0.141310136,-0.42291724,-0.129113769,-0.008153938,-0.03245254,0.037133304,-0.131120554,-0.133532966,-0.4382062,-0.124897193,-0.029567701,-0.068066467,-0.021206589,-0.187298139,-0.173163548,-0.453464195,-0.126361459,-0.037590717,-0.126170002,-0.021206589
Subhadra Local Area Bank Ltd.,-0.402803563,-0.011833865,-0.523761968,-0.299543608,-0.307188881,-0.272749365,-0.301431194,-0.357960316,-0.035459945,-0.495968202,-0.290856571,-0.285892885,-0.27902603,-0.299754734,-0.295911624,-0.076276665,-0.437163408,-0.283567596,-0.273342714,-0.2898974,-0.294062817,-0.261693644,-0.203990652,-0.433201696,-0.27637145,-0.26909441,-0.30016059,-0.290130771,-0.267259313,-0.221798446,-0.429992631,-0.275717401,-0.267155117,-0.258303811,-0.281220586,-0.244409972,-0.196109895,-0.4490391,-0.270423854,-0.268143576,-0.246908545,-0.268261767,6.99E-17,-0.221110876,-0.468296479,-0.255629491,-0.272192107,-0.258928901,-0.268261767
Sumitomo Bank Ltd. [Merged],0,-1.39E-17,0,4.71E-17,0,0,-4.02E-17,5.89E-17,0,0,0,0,3.95E-17,-3.67E-17,3.33E-17,-1.03E-17,5.98E-17,0,0,3.35E-17,-0.293726788,-0.261718165,-0.200483586,-0.423342067,-0.2761577,-0.268758531,-0.300465589,-0.288636565,-0.267227289,-0.21754259,-0.42214674,-0.275035638,-0.266617277,-0.25838185,-0.280023433,-0.24438707,-0.195405745,-0.441414997,-0.269783461,-0.267895882,-0.246875336,-0.267540535,-0.263413958,-0.221307542,-0.461185602,-0.255127681,-0.271750333,-0.258965539,-0.267540535
Sumitomo Mitsui Banking Corpn.,-0.402617721,-0.001238549,0.525796108,-0.29975215,-0.305413276,-0.267535764,-0.284402727,5.89E-17,0.009630439,2.098179906,-0.286342739,-0.278555253,-0.269148931,-0.273427601,3.33E-17,-0.020796516,1.386892847,-0.272920198,-0.257422887,-0.258284971,-0.264235007,3.48E-17,-0.152142574,1.292597821,-0.261830979,-0.241412547,-0.267765508,-0.260822802,-3.03E-17,-0.184540543,1.091216451,-0.258154975,-0.243777056,-0.230265128,-0.247060289,-0.244089341,-0.164018404,1.029168267,-0.250386795,-0.243872445,-0.213539653,-0.236133468,-0.259983213,-0.186659094,2.689539474,-0.234788572,-0.238614111,-0.205224897,-0.236133468
Suryoday Small Finance Bank Ltd.,-0.377794515,-0.007432206,-0.47914749,-0.275647667,-0.303882827,-0.260511113,-0.276028397,-0.320757963,0.003678983,-0.451887966,-0.253313597,-0.279145646,-0.265002634,-0.266631523,-0.259509257,-0.033415217,-0.403532321,-0.241601487,-0.262631415,-0.276351005,-0.263557324,-0.216895025,-0.197090207,-0.396194389,-0.221760736,-0.258739816,-0.288156941,-0.253738782,-0.226076713,-0.24281972,-0.398190795,-0.23006575,-0.256003056,-0.243845502,-0.242331719,-0.214278346,-0.181185984,-0.418136242,-0.228636903,-0.254628192,-0.23116617,-0.227323921,-0.238654798,-0.190269332,-0.439457922,-0.218393803,-0.25416525,-0.244422396,-0.227323921
Syndicate Bank [Merged],0.700090138,0.969006427,0.049548917,0.21425172,0.555866021,0.235242338,0.561345378,0.666079018,0.745834186,-0.045511592,0.243378547,0.62274805,0.454825075,0.642147752,0.258424321,0.479465593,-0.100705199,0.24965857,0.691868726,0.313134882,0.65142821,0.637748357,-0.767367391,-0.098039207,0.148879327,0.567152337,0.188850792,0.648817617,0.560032722,-0.127359817,-0.046675504,0.153629673,0.488293939,0.112906608,0.447121785,0.493307205,-0.791177511,0.142808595,0.107784878,0.446432762,0.059468869,0.269706347,0.36750503,-0.584199642,0.510937533,0.049689639,0.33081239,0.103419393,0.269706347
T J S B Sahakari Bank Ltd.,-0.323077267,0.033485101,-0.425026468,-0.259603368,-0.2638221,-0.19970029,-0.257865228,-0.265804656,0.017564191,-0.421802643,-0.24949519,-0.243704048,-0.222836889,-0.257710662,-0.240106385,-0.026005272,-0.387082505,-0.241167329,-0.232955549,-0.2247605,-0.253126929,-0.205726021,-0.164255388,-0.392290475,-0.236860611,-0.232800419,-0.219129405,-0.251263594,-0.217142075,-0.180384314,-0.395496247,-0.237186316,-0.23224355,-0.203213853,-0.249037663,-0.203583031,-0.16921174,-0.416707258,-0.233551142,-0.233226255,-0.201275904,-0.241789567,-0.228528566,-0.191217546,-0.438396478,-0.224002039,-0.240323755,-0.23868899,-0.241789567
Tamilnad Mercantile Bank Ltd.,0.385937204,0.096263815,-0.404945006,-0.131271744,-0.156348255,-0.152689104,-0.15050141,0.106467713,0.08223089,-0.406288495,-0.125729925,-0.135600756,-0.130490788,-0.149901622,0.031017973,0.074374059,-0.374105778,-0.118647598,-0.134214206,-0.173853761,-0.14554707,0.098374948,0.006674463,-0.378032703,-0.114092923,-0.138233961,-0.174088067,-0.14014203,0.304450818,-0.009095034,-0.38218641,-0.107527939,-0.136897783,-0.118126655,-0.150050397,0.133078919,-0.0053204,-0.395807291,-0.080857277,-0.143028837,-0.123643774,-0.150086307,-0.002585088,-0.070011894,-0.418648032,-0.087116367,-0.157323648,-0.141895548,-0.150086307
Times Bank Ltd. [Merged],0,-1.39E-17,0,4.71E-17,0,0,-4.02E-17,5.89E-17,0,0,0,0,3.95E-17,-3.67E-17,3.33E-17,-1.03E-17,5.98E-17,0,0,3.35E-17,-0.292592316,3.48E-17,-0.198554356,-0.399254618,-0.275884758,-0.26800568,-0.292973618,-0.284354727,-0.267280662,-0.216469685,-0.400902955,-0.27461321,-0.263362292,-0.242510171,-0.273353758,-0.244257291,-0.191088438,-0.420771735,-0.268710182,-0.262362436,-0.244907251,-0.260728797,-0.261907628,-0.216802471,-0.441931964,-0.253637188,-0.265223759,-0.256343435,-0.260728797
Toronto-Dominion Bank,0,-1.39E-17,0,4.71E-17,0,0,-4.02E-17,5.89E-17,0,0,0,0,3.95E-17,-3.67E-17,3.33E-17,-1.03E-17,-0.447714233,0,0,3.35E-17,-0.293928181,3.48E-17,-0.200748856,-0.429821965,-0.276185835,0,-0.300461113,-0.289974003,-0.26720594,-0.218569513,-0.426862199,-0.275144798,0,-0.258444173,-0.280988958,-0.244394704,-0.195071228,-0.44599716,-0.269771731,3.81E-17,-0.246949595,-0.267999964,-0.263438552,-0.220183733,-0.46545931,-0.254981338,-0.272207884,-0.259041729,-0.267999964
U B S Ag,0,-0.022057071,-0.26523541,-0.301107934,0,-0.27170078,-0.298736556,-0.35078528,-0.035396,0.578392141,-0.29229032,-0.285091344,-0.259238821,-0.28924301,-0.293684104,-0.05267381,0.556119235,-0.282065472,-0.271011337,-0.21642267,-0.280035863,3.48E-17,-0.190413691,0.504456516,-0.273656279,-0.267218193,-0.139648151,-0.272617863,-3.03E-17,-0.196889169,0.396119817,-0.270168023,-0.259761697,-0.156239927,-0.271751865,0,-0.188469592,0.353720705,-0.264470687,3.81E-17,-0.245426139,-0.264628269,6.99E-17,-0.214144662,0.280424606,-0.249941373,0,-0.257949255,-0.264628269
U F J Bank Ltd.,-0.402511525,-0.010977035,-0.4897323,-0.299256927,-0.306945588,-0.272439466,-0.300464466,-0.357338203,-0.035711158,-0.470433097,-0.290618725,-0.285467979,-0.278561277,-0.298675998,-0.294598559,-0.073428921,-0.419208586,-0.28301511,-0.273084037,-0.289729405,-0.29281171,-0.261669124,-0.201120922,-5.68E-17,-0.275598297,-0.268605162,-0.299688066,-0.289268002,-0.267280662,-0.218773876,-5.01E-17,-0.274331591,-0.266842822,-0.258325489,-0.280642734,-0.244203852,-0.194453941,0,-0.268974941,-0.268004993,-0.246919615,-0.267786583,-0.263358624,-0.219648519,9.07E-17,-0.254281228,-0.272046117,-0.258996765,-0.267786583
Uco Bank,0.985198593,-2.18451497,1.737390805,0.088900232,0.539535128,0.206407427,0.364899817,0.422832868,-2.009529935,3.54588264,0.107598957,0.560967674,0.257027692,0.372674388,0.17489232,-0.958848358,4.770187519,0.116035769,0.456835056,0.284740136,0.33044941,0.455611444,-0.143633288,4.502274006,0.092371537,0.388809647,0.30233013,0.299123961,0.579834102,0.018455633,4.819106604,0.100596829,0.382500637,0.099721848,0.28054904,0.344588124,0.148646309,4.651677989,0.115716755,0.385030858,-0.004455388,0.269071765,0.273848141,0.011704501,4.28905984,0.078233709,0.338313278,0.068705451,0.269071765
Ujjivan Small Finance Bank Ltd.,-0.329395901,-0.009033255,1.076463415,-0.299729899,-0.289804156,-0.256984125,-0.214060564,-0.238162105,0.055118196,0.714449645,-0.282839395,-0.254384701,-0.246422916,-0.181929955,-0.173843526,0.053390112,0.565580774,-0.229559105,-0.232652425,-0.253893537,-0.18096211,-0.150334625,-0.198316647,0.513477452,-0.229080847,-0.227170971,-0.250699009,-0.178336306,-0.211431164,-0.324963369,0.40407578,-0.24700939,-0.214140489,-0.217620136,-0.143258202,-0.174123202,0.007738716,0.458314663,-0.212555309,-0.201262062,-0.204217654,-0.124429634,-0.192186029,-0.040587754,-0.274842315,-0.175458957,-0.199210694,-0.21014561,-0.124429634
Union Bank Of India,5.750192128,-2.581594498,0.610069,0.938137585,1.595100539,0.369156926,1.298973344,5.307663485,-1.382124096,0.806486784,0.887058596,1.493924278,0.482909222,1.306947026,2.847330163,-1.126280429,1.352077753,1.02271345,1.429952191,0.722622823,2.499900741,7.097282539,0.799946614,2.749256921,1.845552629,2.682592857,1.719198705,2.39068564,7.066926201,1.117503727,2.564311113,1.78332953,2.72614531,1.553937098,2.302968518,7.837438767,1.363062698,2.460621318,1.726917737,2.659937239,1.67004476,2.172827238,6.405622993,1.696655799,2.564269124,1.678798493,2.562026022,1.67737625,2.172827238
United Bank Of India [Merged],0.381556639,0.179488942,0.6161429,-0.056406628,0.161380919,-0.024261559,0.206379429,0.310251167,-0.590114605,0.500941145,-0.10417745,0.191235664,0.055476663,0.173135651,0.030115242,0.019271673,-0.007321181,-0.069105034,0.137889567,0.02834082,0.121285333,0.141923031,-0.298312814,-0.030070169,-0.093551379,0.102782127,-0.057586237,0.127110232,0.137169189,-0.162980262,0.168985234,-0.083685604,0.100871039,-0.051542234,0.028973892,0.100901365,-0.46435033,0.819963237,-0.111812849,0.070635019,-0.088339083,-0.031905519,0.209850599,-0.545939551,2.482194759,-0.167039892,0.040983026,-0.140689414,-0.031905519
United Overseas Bank - Mumbai Branch,-0.402777014,0.004866977,0.198527641,-0.297227909,-0.305503766,-0.269751029,-0.296988755,-0.358250635,-0.032111966,0.050260018,-0.288373725,-0.284929067,-0.27546263,-0.296589554,-0.295935071,-0.073657758,-0.053087033,-0.281016007,-0.272788585,-0.289103847,-0.290037597,-0.261718165,-0.206126587,-0.073487482,-0.274431259,-0.267489848,-0.299230248,-0.286542567,-0.267269988,-0.209541784,-0.113594526,-0.272452624,-0.264605179,-0.253836633,-0.278368205,-0.24442524,-0.192127105,-0.141584974,-0.266998744,-0.267372724,-0.246546015,-0.266757675,-0.263450848,-0.219336662,-0.181538989,-0.252701111,-0.270982312,-0.258593332,-0.266757675
United Western Bank Ltd. [Merged],-0.380635246,0.005777665,-0.516352602,-0.291761308,-0.291377824,-0.265598694,-0.277694422,-0.33664258,-0.010434599,-0.490572302,-0.281572948,-0.267354005,-0.270152278,-0.278160237,-0.283660264,-0.07940773,-0.43336932,-0.27499331,-0.253664292,-0.282785635,-0.270322904,-0.244983048,-0.192301581,-0.434255054,-0.26804909,-0.254792572,-0.293973656,-0.268114512,-0.247511306,-0.213307169,-0.431771385,-0.267202305,-0.251546064,-0.251497637,-0.263732345,-0.228325012,-0.189822447,-0.450767572,-0.262276372,-0.251318258,-0.239256213,-0.255778408,-0.247858787,-0.234463136,-0.469908597,-0.251316263,-0.257238197,-0.250177869,-0.255778408
Utkarsh Small Finance Bank Ltd.,-0.318855995,-0.043247703,-0.08093112,-0.303097106,-0.297156246,-0.262670105,-0.261902765,-0.268749324,0.007008693,0.038659956,-0.289697369,-0.269739585,-0.257900157,-0.245893396,-0.214654038,-0.005882185,-0.049550796,-0.272556607,-0.25361134,-0.255012763,-0.232923194,-0.148507862,-0.162653437,-0.025672025,-0.257230424,-0.245154149,-0.258656469,-0.220512705,-0.127742315,-0.203354699,-0.050646881,-0.253389414,-0.23796787,-0.212657087,-0.202260329,-0.081148011,-0.12078619,-0.080254161,-0.239086782,-0.232246821,-0.198279728,-0.192076925,-0.085322615,-0.150701408,-0.043108329,-0.214606198,-0.231669825,-0.198236228,-0.192076925
Vaishya Sahakari Bank Ltd.,-0.401396472,-0.012161908,-0.541459375,-0.299751633,-0.30679721,-0.272510798,-0.301009052,-0.356881987,-0.035656348,-0.509439242,-0.291080594,-0.285404985,-0.278901806,-0.299310003,-0.294317188,-0.073476141,-0.446472341,-0.283448837,-0.272901028,-0.289703616,-0.293652157,-0.26062701,-0.201041685,-0.446545892,-0.275975739,-0.26870744,-0.300265453,-0.289720119,-0.266405345,-0.219031884,-0.442531967,-0.275035961,-0.266793735,-0.257938546,-0.280853943,-0.243554957,-0.195498153,-0.461206859,-0.26974101,-0.267794184,-0.246503582,-0.267985136,-0.262965133,-0.220579876,-0.479613228,-0.255020738,-0.271889409,-0.258653701,-0.267985136
Veerashaiva Co-Op. Bank Ltd.,-0.401476119,-0.011295286,-0.544901911,-0.299729899,-0.307068026,-0.272833379,-0.301140336,-0.357587048,-0.035199597,-0.512140934,-0.291004331,-0.285591184,-0.279035586,-0.299336638,-0.295407501,-0.073200085,-0.448424638,-0.283283608,-0.273012073,-0.289840665,-0.293639781,-0.260994815,-0.200555933,-0.448398005,-0.275778066,-0.268772558,-0.300339625,-0.289710662,-0.266522766,-0.218738112,-0.443927673,-0.274736579,-0.266795968,-0.258359631,-0.280823465,-0.243814515,-0.195198751,-0.462494657,-0.269416485,-0.2677978,-0.246842128,-0.267918875,-0.262928244,-0.220095233,-0.480507076,-0.254691033,-0.271843607,-0.25900301,-0.267918875
Vijaya Bank [Merged],0.344786436,0.27207555,1.131365932,-0.116036775,0.079432678,-0.116770891,0.114688361,0.341232391,0.231601923,0.755985352,-0.107266112,0.129215852,-0.104217009,0.148526504,0.114772727,0.077359831,0.002992844,-0.067371416,0.196392511,-0.116488815,0.187351753,0.241475517,-0.049796879,-0.020285423,-0.082553674,0.134548946,-0.118974099,0.164734541,0.266363851,-0.121522703,-0.034338699,-0.066222648,0.096526196,-0.102181815,0.130175951,0.278286332,-0.056841621,-0.036208069,-0.070170845,0.080290171,-0.103514141,0.041691414,0.262024981,-0.118477578,0.038570988,-0.05334031,0.092734146,-0.158445862,0.041691414
Vima Kamgar Co.Op. Bank Ltd.,-0.402856661,-0.011824072,-0.54287398,-0.299826149,-0.307135975,-0.272395874,-0.301216366,-0.358292109,-0.035382298,-0.510269956,-0.291130165,-0.285722948,-0.278404042,-0.299504926,3.33E-17,-0.07330179,-0.447014353,-0.283484121,-0.273166508,-0.289275525,-0.293829547,-0.261742685,-0.2006834,-0.447000184,-0.27597172,-0.268925831,-0.300048693,-0.289876887,-0.267291337,-0.21874833,-0.442743304,-0.275002373,-0.266943054,-0.258122805,-0.280969452,-0.244440508,-0.195387263,-0.46115124,-0.269714758,-0.267940155,-0.246762334,-0.268021047,-0.263450848,-0.220450638,-0.479337891,-0.254994327,-0.27197839,-0.258796089,-0.268021047
Vinayak Local Area Bank Ltd.,0,-0.012617252,-0.540865834,-0.300165612,-0.307373445,-0.272512384,-0.301601819,5.89E-17,-0.036113098,-0.509117434,-0.291497182,-0.285964609,-0.278653359,-0.299832219,3.33E-17,-0.07392655,-0.446409194,-0.283867505,-0.273398387,-0.289444257,-0.294143449,3.48E-17,-0.201417196,-0.446625768,-0.276353546,-0.269142242,-0.299924647,-0.29019697,-3.03E-17,-0.219264347,-0.442681664,-0.27538088,-0.267176978,-0.257903321,-0.281242834,-0.244440508,-0.195736566,-0.461369439,-0.270076148,-0.268163512,-0.246471757,-0.268271961,6.99E-17,-0.220776542,-0.479796786,-0.255308445,-0.272210367,-0.25847759,-0.268271961
Westpac Banking Corpn.,-0.381750299,-0.001821194,0.254102838,-0.298532463,-0.301200652,-0.256963518,-0.29388612,-0.334465185,-0.023497656,0.092304631,-0.288676395,-0.279428818,-0.247117874,-0.2914364,-0.27715356,-0.064874793,-0.023523671,-0.280247949,-0.266699748,-0.266438596,-0.28611101,-0.24823199,-0.185418361,-0.045441206,-0.271583453,-0.265847903,-0.257663465,-0.285793646,-0.254375073,-0.212637881,-0.088859276,-0.270501961,-0.266414348,-0.244701219,-0.277341117,-0.23624153,-0.190726198,-0.117548943,-0.265269433,-0.267178525,-0.23696019,-0.266739604,-0.259509795,-0.218267638,-0.159120971,-0.251196114,0,-0.258793591,-0.266739604
Woori Bank,0,-0.006536207,-0.135062035,-0.299306605,-0.30620677,-0.272404592,-0.298508909,-0.357628522,-0.028266129,-0.202112432,-0.289887074,-0.284171091,-0.277594416,-0.296739681,-0.295665424,-0.067108674,-0.230540874,-0.281605497,-0.271726515,-0.289219527,-0.291062935,-0.260908994,-0.196408086,-0.241835032,-0.273901452,-0.266435467,-0.299725791,-0.286088995,-0.266725583,-0.217468508,-0.262067668,-0.27298615,-0.261220184,-0.25616208,-0.274171771,-0.244432874,-0.193326562,-0.285861059,-0.267641371,-0.261131536,-0.24385287,-0.261317738,-0.263456997,-0.214042115,-0.203972968,-0.252383313,-0.264063153,-0.256226444,-0.261317738
Yes Bank Ltd.,0.50535408,2.0560251,-0.090289279,1.009004176,0.627504338,0.603340219,1.189600925,0.635180744,0.749862723,-0.166429144,0.968908142,0.688081912,1.274723351,0.873706347,10.07175208,-6.037276097,0.87177574,0.543090446,0.124836082,0.958644707,0.563528916,0.224409377,-1.39393333,2.052413285,0.753617139,0.251503506,0.559567439,0.493807573,0.529033689,0.053312272,1.761335678,0.652639317,0.304561263,0.558880345,0.497987053,0.374857164,-0.062955342,2.40269183,0.68083079,0.301629852,0.633438075,0.464669954,0.392294932,-0.044859635,2.192512312,0.512124009,0.345836418,0.450117915,0.464669954
Zoroastrian Co-Op. Bank Ltd.,-0.393750394,-0.006815289,-0.53195283,-0.293195747,-0.302342598,-0.270230541,-0.296921124,-0.350557172,-0.030572717,-0.502606431,-0.284572478,-0.281416066,-0.276167144,-0.295568124,-0.292195182,-0.06891394,-0.441952062,-0.277090088,-0.269187865,-0.287831363,-0.290193985,-0.258653125,-0.19883685,-0.442522165,-0.27032105,-0.265487645,-0.298554391,-0.286605493,-0.265103044,-0.216538657,-0.439225422,-0.270064031,-0.263762728,-0.257678959,-0.278568442,-0.242829722,-0.193951241,-0.458233374,-0.265242901,-0.265172214,-0.246273426,-0.266282492,-0.262085928,-0.219579685,-0.477003512,-0.251458493,-0.269833515,-0.258124118,-0.266282492
